Account,Row Labels,Total,School Code
ADAMS CENTRAL COMMUNITY SCHOOL CORPORATION,10726737,15
0061,RAINY DAY,200000,15
0101,GENERAL,7200000,15
0180,DEBT SERVICE,1118953,15
1214,CAPITAL PROJECTS (School),1186184,15
6301,TRANSPORTATION,788800,15
6302,BUS REPLACEMENT,232800,15
ALEXANDRIA COMMUNITY SCHOOL CORPORATION,12412407,5265
0101,GENERAL,10380500,5265
0180,DEBT SERVICE,444126,5265
0186,SCHOOL PENSION DEBT,191692,5265
1214,CAPITAL PROJECTS (School),680000,5265
6301,TRANSPORTATION,506825,5265
6302,BUS REPLACEMENT,209264,5265
ANDERSON COMMUNITY SCHOOL CORPORATION,86356500,5275
0101,GENERAL,60000000,5275
0180,DEBT SERVICE,10304500,5275
0186,SCHOOL PENSION DEBT,3578000,5275
1214,CAPITAL PROJECTS (School),5274000,5275
6301,TRANSPORTATION,6000000,5275
6302,BUS REPLACEMENT,1200000,5275
ARGOS COMMUNITY SCHOOL CORPORATION,6399154,5470
0101,GENERAL,4286918,5470
0180,DEBT SERVICE,749200,5470
0186,SCHOOL PENSION DEBT,72500,5470
1214,CAPITAL PROJECTS (School),764271,5470
6301,TRANSPORTATION,401265,5470
6302,BUS REPLACEMENT,125000,5470
ATTICA CONSOLIDATED SCHOOL CORPORATION,9082189,2435
0061,RAINY DAY,300000,2435
0101,GENERAL,6418000,2435
0180,DEBT SERVICE,1269804,2435
0186,SCHOOL PENSION DEBT,127435,2435
1214,CAPITAL PROJECTS (School),460000,2435
6301,TRANSPORTATION,386950,2435
6302,BUS REPLACEMENT,120000,2435
AVON COMMUNITY SCHOOL CORPORATION,99084965,3315
0101,GENERAL,56410637,3315
0180,DEBT SERVICE,25121870,3315
0186,SCHOOL PENSION DEBT,880612,3315
1214,CAPITAL PROJECTS (School),7201003,3315
6301,TRANSPORTATION,6371609,3315
6302,BUS REPLACEMENT,3099234,3315
BARR-REEVE COMMUNITY SCHOOL CORPORATION,7756850,1315
0022,REFERENDUM FUND,EXEMPT OPERATING,POST 2009,938000,1315
0061,RAINY DAY,325000,1315
0101,GENERAL,4145284,1315
0180,DEBT SERVICE,181362,1315
0186,SCHOOL PENSION DEBT,250410,1315
1214,CAPITAL PROJECTS (School),718965,1315
6301,TRANSPORTATION,981449,1315
6302,BUS REPLACEMENT,216380,1315
BARTHOLOMEW CONSOLIDATED SCHOOL CORPORATION,104413121,365
0101,GENERAL,69019942,365
0180,DEBT SERVICE,7491524,365
0186,SCHOOL PENSION DEBT,1449890,365
0187,REFERENDUM DEBT FUND,EXEMPT CAPITAL,8090000,365
1214,CAPITAL PROJECTS (School),11620821,365
6301,TRANSPORTATION,5442774,365
6302,BUS REPLACEMENT,1298170,365
BATESVILLE COMMUNITY SCHOOL CORPORATION,19981450,6895
0101,GENERAL,13786000,6895
0180,DEBT SERVICE,1665450,6895
1214,CAPITAL PROJECTS (School),2655000,6895
6301,TRANSPORTATION,1630000,6895
6302,BUS REPLACEMENT,245000,6895
BAUGO COMMUNITY SCHOOL CORPORATION,19623739,2260
0061,RAINY DAY,150000,2260
0101,GENERAL,12768425,2260
0180,DEBT SERVICE,3474405,2260
0186,SCHOOL PENSION DEBT,188446,2260
1214,CAPITAL PROJECTS (School),1785839,2260
6301,TRANSPORTATION,1091750,2260
6302,BUS REPLACEMENT,164874,2260
BEECH GROVE CITY SCHOOL CORPORATION,33944638,5380
0021,REFERENDUM FUND,EXEMPT OPERATING,1600000,5380
0061,RAINY DAY,700000,5380
0101,GENERAL,22000000,5380
0180,DEBT SERVICE,4648960,5380
0186,SCHOOL PENSION DEBT,517839,5380
1214,CAPITAL PROJECTS (School),2500000,5380
6301,TRANSPORTATION,1200000,5380
6302,BUS REPLACEMENT,777839,5380
BENTON COMMUNITY SCHOOL CORPORATION,25058833,395
0061,RAINY DAY,1000000,395
0101,GENERAL,14995635,395
0180,DEBT SERVICE,2384206,395
0186,SCHOOL PENSION DEBT,247503,395
1214,CAPITAL PROJECTS (School),3175921,395
6301,TRANSPORTATION,2779748,395
6302,BUS REPLACEMENT,475820,395
BLACKFORD COUNTY SCHOOL CORPORATION,18683815,515
0101,GENERAL,13623850,515
0180,DEBT SERVICE,2451544,515
0186,SCHOOL PENSION DEBT,384479,515
1214,CAPITAL PROJECTS (School),1299526,515
6301,TRANSPORTATION,728416,515
6302,BUS REPLACEMENT,196000,515
BLOOMFIELD SCHOOL DISTRICT,10398648,2920
0101,GENERAL,7305565,2920
0180,DEBT SERVICE,773000,2920
0186,SCHOOL PENSION DEBT,231086,2920
1214,CAPITAL PROJECTS (School),1024137,2920
6301,TRANSPORTATION,934860,2920
6302,BUS REPLACEMENT,130000,2920
BLUE RIVER VALLEY SCHOOL CORPORATION,9039512,3405
0061,RAINY DAY,100000,3405
0101,GENERAL,5747232,3405
0180,DEBT SERVICE,853000,3405
1214,CAPITAL PROJECTS (School),915780,3405
6301,TRANSPORTATION,1231700,3405
6302,BUS REPLACEMENT,191800,3405
BOONE TOWNSHIP SCHOOL CORPORATION,11627699,6460
0101,GENERAL,7055334,6460
0180,DEBT SERVICE,3004503,6460
0186,SCHOOL PENSION DEBT,129187,6460
1214,CAPITAL PROJECTS (School),614500,6460
6301,TRANSPORTATION,651175,6460
6302,BUS REPLACEMENT,173000,6460
BREMEN PUBLIC SCHOOL CORPORATION,13054239,5480
0101,GENERAL,9413288,5480
0180,DEBT SERVICE,1275000,5480
0186,SCHOOL PENSION DEBT,145523,5480
1214,CAPITAL PROJECTS (School),1385151,5480
6301,TRANSPORTATION,685277,5480
6302,BUS REPLACEMENT,150000,5480
BROWN COUNTY SCHOOL CORPORATION,30551736,670
0021,REFERENDUM FUND,EXEMPT OPERATING,145000,670
0061,RAINY DAY,2500000,670
0101,GENERAL,16736475,670
0180,DEBT SERVICE,2838340,670
0186,SCHOOL PENSION DEBT,134921,670
1214,CAPITAL PROJECTS (School),3667000,670
6301,TRANSPORTATION,4010000,670
6302,BUS REPLACEMENT,520000,670
BROWNSBURG COMMUNITY SCHOOL CORPORATION,81922548,3305
0101,GENERAL,48972733,3305
0180,DEBT SERVICE,19994855,3305
0186,SCHOOL PENSION DEBT,603222,3305
1214,CAPITAL PROJECTS (School),5543638,3305
6301,TRANSPORTATION,4968100,3305
6302,BUS REPLACEMENT,1840000,3305
BROWNSTOWN CENTRAL COMMUNITY SCHOOL CORPORATION,15116853,3695
0061,RAINY DAY,566510,3695
0101,GENERAL,10613313,3695
0180,DEBT SERVICE,1346000,3695
0186,SCHOOL PENSION DEBT,0,3695
1214,CAPITAL PROJECTS (School),1438913,3695
6301,TRANSPORTATION,962117,3695
6302,BUS REPLACEMENT,190000,3695
CANNELTON CITY SCHOOL CORPORATION,2245100,6340
0021,REFERENDUM FUND,EXEMPT OPERATING,122000,6340
0061,RAINY DAY,100,6340
0101,GENERAL,1705000,6340
0180,DEBT SERVICE,252000,6340
1214,CAPITAL PROJECTS (School),118500,6340
6301,TRANSPORTATION,32500,6340
6302,BUS REPLACEMENT,15000,6340
CARMEL-CLAY SCHOOL CORPORATION,142487550,3060
0022,REFERENDUM FUND,EXEMPT OPERATING,POST 2009,12879000,3060
0061,RAINY DAY,0,3060
0101,GENERAL,89437800,3060
0180,DEBT SERVICE,18189000,3060
0186,SCHOOL PENSION DEBT,0,3060
1214,CAPITAL PROJECTS (School),11000750,3060
6301,TRANSPORTATION,9298200,3060
6302,BUS REPLACEMENT,1682800,3060
CARROLL CONSOLIDATED SCHOOL CORPORATION,10175268,750
0061,RAINY DAY,200000,750
0101,GENERAL,7173263,750
0180,DEBT SERVICE,968226,750
1214,CAPITAL PROJECTS (School),962579,750
6301,TRANSPORTATION,639700,750
6302,BUS REPLACEMENT,231500,750
CASTON SCHOOL CORPORATION,7670244,2650
0061,RAINY DAY,150000,2650
0101,GENERAL,5313848,2650
0180,DEBT SERVICE,436276,2650
1214,CAPITAL PROJECTS (School),845120,2650
6301,TRANSPORTATION,695000,2650
6302,BUS REPLACEMENT,230000,2650
CENTER GROVE COMMUNITY SCHOOL CORPORATION,68145500,4205
0101,GENERAL,44390000,4205
0180,DEBT SERVICE,13960000,4205
0186,SCHOOL PENSION DEBT,0,4205
1214,CAPITAL PROJECTS (School),5305500,4205
6301,TRANSPORTATION,3560000,4205
6302,BUS REPLACEMENT,930000,4205
CENTERVILLE-ABINGTON COMMUNITY SCHOOL CORPORATION,16620375,8360
0061,RAINY DAY,473285,8360
0101,GENERAL,10682561,8360
0180,DEBT SERVICE,2150448,8360
0186,SCHOOL PENSION DEBT,156306,8360
1214,CAPITAL PROJECTS (School),1714341,8360
6301,TRANSPORTATION,1083434,8360
6302,BUS REPLACEMENT,360000,8360
CENTRAL NOBLE COMMUNITY SCHOOL CORPORATION,13367431,6055
0101,GENERAL,9325526,6055
0180,DEBT SERVICE,1410182,6055
0186,SCHOOL PENSION DEBT,141608,6055
1214,CAPITAL PROJECTS (School),775000,6055
6301,TRANSPORTATION,1509115,6055
6302,BUS REPLACEMENT,206000,6055
CHARLES A. BEARD MEMORIAL SCHOOL CORPORATION,12852692,3455
0101,GENERAL,8700000,3455
0180,DEBT SERVICE,1964990,3455
1214,CAPITAL PROJECTS (School),1092278,3455
6301,TRANSPORTATION,890000,3455
6302,BUS REPLACEMENT,205424,3455
CLARK-PLEASANT COMMUNITY SCHOOL CORPORATION,61194235,4145
0101,GENERAL,39370000,4145
0180,DEBT SERVICE,13788891,4145
0186,SCHOOL PENSION DEBT,555344,4145
1214,CAPITAL PROJECTS (School),3380000,4145
6301,TRANSPORTATION,3260000,4145
6302,BUS REPLACEMENT,840000,4145
CLARKSVILLE COMMUNITY SCHOOL CORPORATION,17656261,1000
0061,RAINY DAY,1500000,1000
0101,GENERAL,10329861,1000
0180,DEBT SERVICE,2857423,1000
0186,SCHOOL PENSION DEBT,348079,1000
1214,CAPITAL PROJECTS (School),1399198,1000
6301,TRANSPORTATION,925700,1000
6302,BUS REPLACEMENT,296000,1000
CLAY COMMUNITY SCHOOL CORPORATION,43918476,1125
0061,RAINY DAY,1162821,1125
0101,GENERAL,30581777,1125
0180,DEBT SERVICE,3973739,1125
0186,SCHOOL PENSION DEBT,355862,1125
1214,CAPITAL PROJECTS (School),3464269,1125
6301,TRANSPORTATION,3810008,1125
6302,BUS REPLACEMENT,570000,1125
CLINTON CENTRAL SCHOOL CORPORATION,10132864,1150
0101,GENERAL,6582040,1150
0180,DEBT SERVICE,1391424,1150
0186,SCHOOL PENSION DEBT,92499,1150
1214,CAPITAL PROJECTS (School),1007101,1150
6301,TRANSPORTATION,794800,1150
6302,BUS REPLACEMENT,265000,1150
CLINTON PRAIRIE SCHOOL CORPORATION,12146000,1160
0061,RAINY DAY,500000,1160
0101,GENERAL,7185000,1160
0180,DEBT SERVICE,1555000,1160
0186,SCHOOL PENSION DEBT,360000,1160
1214,CAPITAL PROJECTS (School),1246000,1160
6301,TRANSPORTATION,800000,1160
6302,BUS REPLACEMENT,500000,1160
CLOVERDALE COMMUNITY SCHOOL CORPORATION,14537079,6750
0101,GENERAL,9960599,6750
0180,DEBT SERVICE,1807042,6750
0186,SCHOOL PENSION DEBT,192828,6750
1214,CAPITAL PROJECTS (School),1217210,6750
6301,TRANSPORTATION,1056600,6750
6302,BUS REPLACEMENT,302800,6750
CONCORD COMMUNITY SCHOOL CORPORATION,48577878,2270
0061,RAINY DAY,350000,2270
0101,GENERAL,32353155,2270
0180,DEBT SERVICE,9897336,2270
0186,SCHOOL PENSION DEBT,383810,2270
1214,CAPITAL PROJECTS (School),3030850,2270
6301,TRANSPORTATION,1902727,2270
6302,BUS REPLACEMENT,660000,2270
COVINGTON COMMUNITY SCHOOL CORPORATION,8829774,2440
0061,RAINY DAY,0,2440
0101,GENERAL,6150618,2440
0180,DEBT SERVICE,1206587,2440
1214,CAPITAL PROJECTS (School),825000,2440
6301,TRANSPORTATION,492924,2440
6302,BUS REPLACEMENT,154645,2440
COWAN COMMUNITY SCHOOL CORPORATION,6569517,1900
0061,RAINY DAY,0,1900
0101,GENERAL,4633299,1900
0180,DEBT SERVICE,795540,1900
0186,SCHOOL PENSION DEBT,72678,1900
1214,CAPITAL PROJECTS (School),418000,1900
6301,TRANSPORTATION,500000,1900
6302,BUS REPLACEMENT,150000,1900
CRAWFORD COUNTY COMMUNITY SCHOOL CORPORATION,16959151,1300
0061,RAINY DAY,457000,1300
0101,GENERAL,11408452,1300
0180,DEBT SERVICE,1588685,1300
0186,SCHOOL PENSION DEBT,440010,1300
1214,CAPITAL PROJECTS (School),1066404,1300
6301,TRANSPORTATION,1773600,1300
6302,BUS REPLACEMENT,225000,1300
CRAWFORDSVILLE COMMUNITY SCHOOL CORPORATION,26276280,5855
0061,RAINY DAY,315509,5855
0101,GENERAL,17716248,5855
0180,DEBT SERVICE,2391985,5855
0186,SCHOOL PENSION DEBT,421702,5855
0287,REFERENDUM DEBT FUND,EXEMPT CAPITAL,POST 2009,1888747,5855
1214,CAPITAL PROJECTS (School),1832471,5855
6301,TRANSPORTATION,1297937,5855
6302,BUS REPLACEMENT,411681,5855
CROTHERSVILLE COMMUNITY SCHOOL CORPORATION,6928375,3710
0101,GENERAL,5006430,3710
0180,DEBT SERVICE,674000,3710
0186,SCHOOL PENSION DEBT,218445,3710
1214,CAPITAL PROJECTS (School),389500,3710
6301,TRANSPORTATION,340000,3710
6302,BUS REPLACEMENT,300000,3710
CROWN POINT COMMUNITY SCHOOL CORPORATION,78029960,4660
0022,REFERENDUM FUND,EXEMPT OPERATING,POST 2009,5310743,4660
0101,GENERAL,45397526,4660
0180,DEBT SERVICE,117341,4660
0188,EXEMPT DEBT,LAKE AND ST. JOSEPH COUNTIES ONLY,17739869,4660
0189,EXEMPT PENSION DEBT,LAKE AND ST. JOSEPH COUNTIES,1173605,4660
1214,CAPITAL PROJECTS (School),4027139,4660
6301,TRANSPORTATION,3690557,4660
6302,BUS REPLACEMENT,573180,4660
CULVER COMMUNITY SCHOOL CORPORATION,11113152,5455
0061,RAINY DAY,400000,5455
0101,GENERAL,6432080,5455
0180,DEBT SERVICE,1779422,5455
0186,SCHOOL PENSION DEBT,299550,5455
1214,CAPITAL PROJECTS (School),1126500,5455
6301,TRANSPORTATION,832600,5455
6302,BUS REPLACEMENT,243000,5455
DALEVILLE COMMUNITY SCHOOLS,7536200,1940
0061,RAINY DAY,300000,1940
0101,GENERAL,4885000,1940
0180,DEBT SERVICE,1191200,1940
0186,SCHOOL PENSION DEBT,70000,1940
1214,CAPITAL PROJECTS (School),440000,1940
6301,TRANSPORTATION,500000,1940
6302,BUS REPLACEMENT,150000,1940
DANVILLE COMMUNITY SCHOOL CORPORATION,26238786,3325
0101,GENERAL,15035214,3325
0180,DEBT SERVICE,6847073,3325
0186,SCHOOL PENSION DEBT,308630,3325
1214,CAPITAL PROJECTS (School),1828543,3325
6301,TRANSPORTATION,1679326,3325
6302,BUS REPLACEMENT,540000,3325
DECATUR COUNTY COMMUNITY SCHOOL CORPORATION,22226677,1655
0101,GENERAL,16026200,1655
0180,DEBT SERVICE,1707731,1655
0186,SCHOOL PENSION DEBT,237300,1655
1214,CAPITAL PROJECTS (School),2457446,1655
6301,TRANSPORTATION,1608000,1655
6302,BUS REPLACEMENT,190000,1655
DEKALB COUNTY CENTRAL UNITED SCHOOL CORPORATION,36501094,1835
0061,RAINY DAY,250000,1835
0101,GENERAL,24213500,1835
0180,DEBT SERVICE,5652304,1835
1214,CAPITAL PROJECTS (School),3231000,1835
6301,TRANSPORTATION,2664000,1835
6302,BUS REPLACEMENT,490290,1835
DEKALB COUNTY EASTERN COMM SCHOOL CORPORATION,18304334,1805
0061,RAINY DAY,612830,1805
0101,GENERAL,10521248,1805
0180,DEBT SERVICE,3066390,1805
1214,CAPITAL PROJECTS (School),2407505,1805
6301,TRANSPORTATION,1472785,1805
6302,BUS REPLACEMENT,223576,1805
DELAWARE COMMUNITY SCHOOL CORPORATION,23609258,1875
0061,RAINY DAY,0,1875
0101,GENERAL,16998000,1875
0180,DEBT SERVICE,2112852,1875
0186,SCHOOL PENSION DEBT,420170,1875
1214,CAPITAL PROJECTS (School),1598500,1875
6301,TRANSPORTATION,2255000,1875
6302,BUS REPLACEMENT,224736,1875
DELPHI COMMUNITY SCHOOL CORPORATION,17287685,755
0061,RAINY DAY,862284,755
0101,GENERAL,10391712,755
0180,DEBT SERVICE,2083199,755
0186,SCHOOL PENSION DEBT,189550,755
1214,CAPITAL PROJECTS (School),1593002,755
6301,TRANSPORTATION,1717938,755
6302,BUS REPLACEMENT,450000,755
DUNELAND SCHOOL CORPORATION,60691556,6470
0022,REFERENDUM FUND,EXEMPT OPERATING,POST 2009,5675000,6470
0101,GENERAL,34575000,6470
0180,DEBT SERVICE,7412225,6470
0186,SCHOOL PENSION DEBT,1601431,6470
1214,CAPITAL PROJECTS (School),6794000,6470
6301,TRANSPORTATION,3966900,6470
6302,BUS REPLACEMENT,667000,6470
EAST ALLEN COUNTY SCHOOL CORPORATION,83778351,255
0101,GENERAL,60257092,255
0180,DEBT SERVICE,6077957,255
0186,SCHOOL PENSION DEBT,802272,255
1214,CAPITAL PROJECTS (School),7569401,255
2016,ART INSTITUTE,45000,255
6301,TRANSPORTATION,6630729,255
6302,BUS REPLACEMENT,2395900,255
EAST GIBSON SCHOOL CORPORATION,10504923,2725
0061,RAINY DAY,600000,2725
0101,GENERAL,6649479,2725
0180,DEBT SERVICE,413748,2725
0186,SCHOOL PENSION DEBT,176784,2725
1214,CAPITAL PROJECTS (School),1164058,2725
6301,TRANSPORTATION,1435417,2725
6302,BUS REPLACEMENT,65437,2725
EAST NOBLE SCHOOL CORPORATION,34422325,6060
0101,GENERAL,23976112,6060
0180,DEBT SERVICE,5472185,6060
0186,SCHOOL PENSION DEBT,0,6060
1214,CAPITAL PROJECTS (School),2655910,6060
6301,TRANSPORTATION,1721000,6060
6302,BUS REPLACEMENT,597118,6060
EAST PORTER COUNTY SCHOOL CORPORATION,25251773,6510
0061,RAINY DAY,528000,6510
0101,GENERAL,14500000,6510
0180,DEBT SERVICE,5441995,6510
0186,SCHOOL PENSION DEBT,327178,6510
1214,CAPITAL PROJECTS (School),2502350,6510
6301,TRANSPORTATION,1748250,6510
6302,BUS REPLACEMENT,204000,6510
EAST WASHINGTON SCHOOL CORPORATION,16014768,8215
0101,GENERAL,11755607,8215
0180,DEBT SERVICE,1434697,8215
0186,SCHOOL PENSION DEBT,162339,8215
1214,CAPITAL PROJECTS (School),1621958,8215
6301,TRANSPORTATION,935167,8215
6302,BUS REPLACEMENT,105000,8215
EASTBROOK COMMUNITY SCHOOL CORPORATION,14153554,2815
0061,RAINY DAY,95000,2815
0101,GENERAL,10425062,2815
0180,DEBT SERVICE,893002,2815
0186,SCHOOL PENSION DEBT,354490,2815
1214,CAPITAL PROJECTS (School),1461000,2815
6301,TRANSPORTATION,733000,2815
6302,BUS REPLACEMENT,192000,2815
EASTERN CONSOLIDATED SCHOOL CORPORATION,13573108,2940
0061,RAINY DAY,250000,2940
0101,GENERAL,8614085,2940
0180,DEBT SERVICE,1461119,2940
0186,SCHOOL PENSION DEBT,197729,2940
1214,CAPITAL PROJECTS (School),1345000,2940
6301,TRANSPORTATION,1497239,2940
6302,BUS REPLACEMENT,207936,2940
EASTERN HANCOCK COUNTY COMMUNITY SCHOOL,10836570,3145
0101,GENERAL,7058120,3145
0180,DEBT SERVICE,1358500,3145
0186,SCHOOL PENSION DEBT,180000,3145
1214,CAPITAL PROJECTS (School),863600,3145
6301,TRANSPORTATION,1110350,3145
6302,BUS REPLACEMENT,266000,3145
EASTERN HOWARD COMMUNITY SCHOOL CORPORATION,13712059,3480
0061,RAINY DAY,0,3480
0101,GENERAL,9236798,3480
0180,DEBT SERVICE,2580626,3480
0186,SCHOOL PENSION DEBT,91900,3480
1214,CAPITAL PROJECTS (School),805534,3480
6301,TRANSPORTATION,728385,3480
6302,BUS REPLACEMENT,268816,3480
EDINBURGH COMMUNITY SCHOOL CORPORATION,9641904,4215
0061,RAINY DAY,26913,4215
0101,GENERAL,7291954,4215
0180,DEBT SERVICE,988710,4215
0186,SCHOOL PENSION DEBT,200335,4215
1214,CAPITAL PROJECTS (School),661422,4215
6301,TRANSPORTATION,193950,4215
6302,BUS REPLACEMENT,278620,4215
ELKHART COMMUNITY SCHOOL CORPORATION,122005897,2305
0061,RAINY DAY,2500000,2305
0101,GENERAL,84921516,2305
0180,DEBT SERVICE,15699050,2305
0186,SCHOOL PENSION DEBT,2190155,2305
1214,CAPITAL PROJECTS (School),7861909,2305
6301,TRANSPORTATION,7558450,2305
6302,BUS REPLACEMENT,1274817,2305
ELWOOD COMMUNITY SCHOOL CORPORATION,18432236,5280
0101,GENERAL,14287742,5280
0180,DEBT SERVICE,1607978,5280
0186,SCHOOL PENSION DEBT,238248,5280
1214,CAPITAL PROJECTS (School),1075500,5280
6301,TRANSPORTATION,776650,5280
6302,BUS REPLACEMENT,446118,5280
EMINENCE CONSOLIDATED SCHOOL CORPORATION,4759891,5910
0101,GENERAL,3124035,5910
0180,DEBT SERVICE,497385,5910
0186,SCHOOL PENSION DEBT,63773,5910
1214,CAPITAL PROJECTS (School),498698,5910
6301,TRANSPORTATION,576000,5910
6302,BUS REPLACEMENT,0,5910
EVANSVILLE-VANDERBURGH SCHOOL CORPORATION,211058701,7995
0061,RAINY DAY,5812298,7995
0101,GENERAL,153068434,7995
0180,DEBT SERVICE,12100924,7995
0186,SCHOOL PENSION DEBT,0,7995
0187,REFERENDUM DEBT FUND,EXEMPT CAPITAL,10413000,7995
1214,CAPITAL PROJECTS (School),10614041,7995
2016,ART INSTITUTE,350000,7995
6301,TRANSPORTATION,14813942,7995
6302,BUS REPLACEMENT,3886062,7995
FAIRFIELD COMMUNITY SCHOOL CORPORATION,21304228,2155
0061,RAINY DAY,400000,2155
0101,GENERAL,14371645,2155
0180,DEBT SERVICE,2304684,2155
1214,CAPITAL PROJECTS (School),2579035,2155
6301,TRANSPORTATION,1450864,2155
6302,BUS REPLACEMENT,198000,2155
FAYETTE COUNTY SCHOOL CORPORATION,35625218,2395
0061,RAINY DAY,950000,2395
0101,GENERAL,26596523,2395
0180,DEBT SERVICE,2046295,2395
0186,SCHOOL PENSION DEBT,217202,2395
1214,CAPITAL PROJECTS (School),2481388,2395
6301,TRANSPORTATION,3132050,2395
6302,BUS REPLACEMENT,201760,2395
FLATROCK-HAWCREEK SCHOOL CORPORATION,9094703,370
0101,GENERAL,5875353,370
0180,DEBT SERVICE,399950,370
0186,SCHOOL PENSION DEBT,0,370
0187,REFERENDUM DEBT FUND,EXEMPT CAPITAL,1520000,370
1214,CAPITAL PROJECTS (School),802400,370
6301,TRANSPORTATION,388000,370
6302,BUS REPLACEMENT,109000,370
FORT WAYNE COMMUNITY SCHOOL CORPORATION,283614780,235
0101,GENERAL,208671434,235
0180,DEBT SERVICE,13286307,235
0186,SCHOOL PENSION DEBT,3517825,235
0287,REFERENDUM DEBT FUND,EXEMPT CAPITAL,POST 2009,5447250,235
1214,CAPITAL PROJECTS (School),19120562,235
1216,RACIAL BALANCE FUND,7362000,235
2016,ART INSTITUTE,185500,235
6301,TRANSPORTATION,21138000,235
6302,BUS REPLACEMENT,4885902,235
FRANKFORT COMMUNITY SCHOOL CORPORATION,29169389,1170
0101,GENERAL,22254231,1170
0180,DEBT SERVICE,3838888,1170
0186,SCHOOL PENSION DEBT,389766,1170
1214,CAPITAL PROJECTS (School),1572282,1170
6301,TRANSPORTATION,884222,1170
6302,BUS REPLACEMENT,230000,1170
FRANKLIN COMMUNITY SCHOOL CORPORATION,52076105,4225
0101,GENERAL,31345708,4225
0180,DEBT SERVICE,14553289,4225
1214,CAPITAL PROJECTS (School),3718803,4225
6301,TRANSPORTATION,1909751,4225
6302,BUS REPLACEMENT,548554,4225
FRANKLIN COUNTY COMMUNITY SCHOOL CORPORATION,28762979,2475
0101,GENERAL,19992621,2475
0180,DEBT SERVICE,1772290,2475
1214,CAPITAL PROJECTS (School),2429771,2475
6301,TRANSPORTATION,3564377,2475
6302,BUS REPLACEMENT,1003920,2475
FRANKLIN TOWNSHIP COMMUNITY SCHOOL CORPORATION,84683404,5310
0101,GENERAL,54416000,5310
0180,DEBT SERVICE,19847680,5310
0186,SCHOOL PENSION DEBT,676124,5310
1214,CAPITAL PROJECTS (School),4364400,5310
6301,TRANSPORTATION,4661000,5310
6302,BUS REPLACEMENT,718200,5310
FRANKTON-LAPEL COMMUNITY SCHOOL CORPORATION,30640512,5245
0101,GENERAL,17863850,5245
0180,DEBT SERVICE,7686662,5245
1214,CAPITAL PROJECTS (School),2835000,5245
6301,TRANSPORTATION,1780000,5245
6302,BUS REPLACEMENT,475000,5245
FREMONT COMMUNITY SCHOOL CORPORATION,11752314,7605
0061,RAINY DAY,387623,7605
0101,GENERAL,6206092,7605
0180,DEBT SERVICE,1678614,7605
0186,SCHOOL PENSION DEBT,368244,7605
1214,CAPITAL PROJECTS (School),1602770,7605
6301,TRANSPORTATION,1281247,7605
6302,BUS REPLACEMENT,227724,7605
FRONTIER SCHOOL CORPORATION,7891466,8525
0061,RAINY DAY,359180,8525
0101,GENERAL,4633477,8525
0180,DEBT SERVICE,1390951,8525
1214,CAPITAL PROJECTS (School),1009011,8525
6301,TRANSPORTATION,368847,8525
6302,BUS REPLACEMENT,130000,8525
GARRETT-KEYSER-BUTLER COMMUNITY SCHOOL CORPORATION,16356934,1820
0061,RAINY DAY,150000,1820
0101,GENERAL,11740800,1820
0180,DEBT SERVICE,2321304,1820
1214,CAPITAL PROJECTS (School),1135730,1820
6301,TRANSPORTATION,767100,1820
6302,BUS REPLACEMENT,242000,1820
GARY COMMUNITY SCHOOL CORPORATION,98025543,4690
0101,GENERAL,70000000,4690
0180,DEBT SERVICE,8487860,4690
0188,EXEMPT DEBT,LAKE AND ST. JOSEPH COUNTIES ONLY,4386535,4690
1214,CAPITAL PROJECTS (School),10168974,4690
6301,TRANSPORTATION,4982174,4690
GOSHEN COMMUNITY SCHOOL CORPORATION,69915314,2315
0061,RAINY DAY,750000,2315
0101,GENERAL,48909948,2315
0180,DEBT SERVICE,10198112,2315
0186,SCHOOL PENSION DEBT,715335,2315
1214,CAPITAL PROJECTS (School),5984316,2315
6301,TRANSPORTATION,2757400,2315
6302,BUS REPLACEMENT,600203,2315
GREATER CLARK COUNTY SCHOOL CORPORATION,97891455,1010
0061,RAINY DAY,0,1010
0101,GENERAL,70482007,1010
0180,DEBT SERVICE,11818193,1010
0186,SCHOOL PENSION DEBT,1266064,1010
1214,CAPITAL PROJECTS (School),8347508,1010
6301,TRANSPORTATION,5027683,1010
6302,BUS REPLACEMENT,950000,1010
GREATER JASPER CONSOLIDATED SCHOOL CORPORATION,33779959,2120
0061,RAINY DAY,1850000,2120
0101,GENERAL,18408987,2120
0180,DEBT SERVICE,6637135,2120
0186,SCHOOL PENSION DEBT,1238059,2120
1214,CAPITAL PROJECTS (School),2902278,2120
6301,TRANSPORTATION,2195500,2120
6302,BUS REPLACEMENT,548000,2120
GREENCASTLE COMMUNITY SCHOOL CORPORATION,21870894,6755
0061,RAINY DAY,950000,6755
0101,GENERAL,12572000,6755
0180,DEBT SERVICE,3428249,6755
0186,SCHOOL PENSION DEBT,269356,6755
1214,CAPITAL PROJECTS (School),2910039,6755
6301,TRANSPORTATION,1466250,6755
6302,BUS REPLACEMENT,275000,6755
GREENFIELD CENTRAL COMMUNITY SCHOOL CORPORATION,50622527,3125
0061,RAINY DAY,765000,3125
0101,GENERAL,29870200,3125
0180,DEBT SERVICE,11893552,3125
0186,SCHOOL PENSION DEBT,266825,3125
1214,CAPITAL PROJECTS (School),4749868,3125
6301,TRANSPORTATION,2498500,3125
6302,BUS REPLACEMENT,578582,3125
GREENSBURG COMMUNITY SCHOOL CORPORATION,26397944,1730
0061,RAINY DAY,500000,1730
0101,GENERAL,17897230,1730
0180,DEBT SERVICE,2685239,1730
1214,CAPITAL PROJECTS (School),3555000,1730
6301,TRANSPORTATION,1260475,1730
6302,BUS REPLACEMENT,500000,1730
GREENWOOD COMMUNITY SCHOOL CORPORATION,34715213,4245
0061,RAINY DAY,1793427,4245
0101,GENERAL,24450115,4245
0180,DEBT SERVICE,3486876,4245
0186,SCHOOL PENSION DEBT,0,4245
1214,CAPITAL PROJECTS (School),2616513,4245
6301,TRANSPORTATION,2038282,4245
6302,BUS REPLACEMENT,330000,4245
GRIFFITH PUBLIC SCHOOL CORPORATION,24917786,4700
0061,RAINY DAY,350000,4700
0101,GENERAL,15597678,4700
0180,DEBT SERVICE,1653147,4700
0188,EXEMPT DEBT,LAKE AND ST. JOSEPH COUNTIES ONLY,3812847,4700
0189,EXEMPT PENSION DEBT,LAKE AND ST. JOSEPH COUNTIES,407614,4700
1214,CAPITAL PROJECTS (School),1835000,4700
6301,TRANSPORTATION,1081500,4700
6302,BUS REPLACEMENT,180000,4700
HAMILTON COMMUNITY SCHOOL CORPORATION,8913154,7610
0022,REFERENDUM FUND,EXEMPT OPERATING,POST 2009,1540000,7610
0061,RAINY DAY,200000,7610
0101,GENERAL,4597600,7610
0180,DEBT SERVICE,279800,7610
0186,SCHOOL PENSION DEBT,41530,7610
1214,CAPITAL PROJECTS (School),1246000,7610
6301,TRANSPORTATION,710500,7610
6302,BUS REPLACEMENT,297724,7610
HAMILTON HEIGHTS SCHOOL CORPORATION,23150235,3025
0061,RAINY DAY,300000,3025
0101,GENERAL,15250000,3025
0180,DEBT SERVICE,4168506,3025
0186,SCHOOL PENSION DEBT,153796,3025
1214,CAPITAL PROJECTS (School),1273083,3025
6301,TRANSPORTATION,1713850,3025
6302,BUS REPLACEMENT,291000,3025
HAMILTON SOUTHEASTERN SCHOOL CORPORATION,192399631,3005
0021,REFERENDUM FUND,EXEMPT OPERATING,6222547,3005
0061,RAINY DAY,4641800,3005
0101,GENERAL,116218668,3005
0180,DEBT SERVICE,34721985,3005
0186,SCHOOL PENSION DEBT,385790,3005
0203,SELF INSURANCE,1300000,3005
0287,REFERENDUM DEBT FUND,EXEMPT CAPITAL,POST 2009,1950000,3005
1214,CAPITAL PROJECTS (School),12371325,3005
6301,TRANSPORTATION,12226016,3005
6302,BUS REPLACEMENT,2361500,3005
HAMMOND CITY SCHOOL CORPORATION,135402407,4710
0101,GENERAL,99988261,4710
0180,DEBT SERVICE,4909846,4710
0188,EXEMPT DEBT,LAKE AND ST. JOSEPH COUNTIES ONLY,16573674,4710
0189,EXEMPT PENSION DEBT,LAKE AND ST. JOSEPH COUNTIES,603869,4710
1214,CAPITAL PROJECTS (School),6091614,4710
6301,TRANSPORTATION,6435002,4710
6302,BUS REPLACEMENT,800141,4710
HANOVER COMMUNITY SCHOOL CORPORATION,21443382,4580
0101,GENERAL,13467786,4580
0180,DEBT SERVICE,2829060,4580
0188,EXEMPT DEBT,LAKE AND ST. JOSEPH COUNTIES ONLY,3559678,4580
0189,EXEMPT PENSION DEBT,LAKE AND ST. JOSEPH COUNTIES,152981,4580
1214,CAPITAL PROJECTS (School),665109,4580
6301,TRANSPORTATION,548768,4580
6302,BUS REPLACEMENT,220000,4580
HIGHLAND TOWN SCHOOL CORPORATION,28721910,4720
0101,GENERAL,20220557,4720
0180,DEBT SERVICE,1304013,4720
0188,EXEMPT DEBT,LAKE AND ST. JOSEPH COUNTIES ONLY,4025000,4720
1214,CAPITAL PROJECTS (School),1727286,4720
6301,TRANSPORTATION,1215454,4720
6302,BUS REPLACEMENT,229600,4720
HUNTINGTON COUNTY COMMUNITY SCHOOL CORPORATION,51390488,3625
0101,GENERAL,36374242,3625
0180,DEBT SERVICE,4628634,3625
0186,SCHOOL PENSION DEBT,680874,3625
1214,CAPITAL PROJECTS (School),4601480,3625
6301,TRANSPORTATION,4151541,3625
6302,BUS REPLACEMENT,953717,3625
INDIANAPOLIS PUBLIC SCHOOL CORPORATION,417634100,5385
0061,RAINY DAY,14750000,5385
0101,GENERAL,263700000,5385
0180,DEBT SERVICE,39850000,5385
0186,SCHOOL PENSION DEBT,2881000,5385
0187,REFERENDUM DEBT FUND,EXEMPT CAPITAL,17679000,5385
1214,CAPITAL PROJECTS (School),29662600,5385
6301,TRANSPORTATION,36175000,5385
6302,BUS REPLACEMENT,12936500,5385
JAC-CEN-DEL COMMUNITY SCHOOL CORPORATION,9132107,6900
0061,RAINY DAY,250000,6900
0101,GENERAL,6636769,6900
0180,DEBT SERVICE,818418,6900
1214,CAPITAL PROJECTS (School),654620,6900
6301,TRANSPORTATION,552300,6900
6302,BUS REPLACEMENT,220000,6900
JAY COUNTY SCHOOL CORPORATION,35603973,3945
0101,GENERAL,25872000,3945
0180,DEBT SERVICE,3906090,3945
0186,SCHOOL PENSION DEBT,981883,3945
1214,CAPITAL PROJECTS (School),2262000,3945
6301,TRANSPORTATION,2300000,3945
6302,BUS REPLACEMENT,282000,3945
JENNINGS COUNTY SCHOOL CORPORATION,46104586,4015
0061,RAINY DAY,500000,4015
0101,GENERAL,34023740,4015
0180,DEBT SERVICE,3500230,4015
0186,SCHOOL PENSION DEBT,386938,4015
1214,CAPITAL PROJECTS (School),2958273,4015
6301,TRANSPORTATION,4515405,4015
6302,BUS REPLACEMENT,220000,4015
JOHN GLENN SCHOOL CORPORATION,16813901,7150
0061,RAINY DAY,400000,7150
0101,GENERAL,11800380,7150
0180,DEBT SERVICE,360830,7150
0188,EXEMPT DEBT,LAKE AND ST. JOSEPH COUNTIES ONLY,1641000,7150
0189,EXEMPT PENSION DEBT,LAKE AND ST. JOSEPH COUNTIES,103524,7150
1214,CAPITAL PROJECTS (School),1314000,7150
6301,TRANSPORTATION,834976,7150
6302,BUS REPLACEMENT,359191,7150
KANKAKEE VALLEY SCHOOL CORPORATION,36184387,3785
0061,RAINY DAY,950000,3785
0101,GENERAL,22986224,3785
0180,DEBT SERVICE,1255636,3785
0186,SCHOOL PENSION DEBT,848788,3785
0187,REFERENDUM DEBT FUND,EXEMPT CAPITAL,4618600,3785
1214,CAPITAL PROJECTS (School),3193829,3785
6301,TRANSPORTATION,1780745,3785
6302,BUS REPLACEMENT,550565,3785
KNOX COMMUNITY SCHOOL CORPORATION,22979706,7525
0061,RAINY DAY,939227,7525
0101,GENERAL,15550400,7525
0180,DEBT SERVICE,2449302,7525
0186,SCHOOL PENSION DEBT,327573,7525
1214,CAPITAL PROJECTS (School),2057121,7525
6301,TRANSPORTATION,1346300,7525
6302,BUS REPLACEMENT,309783,7525
Kokomo School Corporation,64121616,3500
0101,GENERAL,45683900,3500
0180,DEBT SERVICE,7382026,3500
0186,SCHOOL PENSION DEBT,427890,3500
1214,CAPITAL PROJECTS (School),7294000,3500
6301,TRANSPORTATION,2687000,3500
6302,BUS REPLACEMENT,646800,3500
LAFAYETTE SCHOOL CORPORATION,72796989,7855
0021,REFERENDUM FUND,EXEMPT OPERATING,900000,7855
0101,GENERAL,50405424,7855
0180,DEBT SERVICE,10885032,7855
1214,CAPITAL PROJECTS (School),5979578,7855
6301,TRANSPORTATION,3526955,7855
6302,BUS REPLACEMENT,1100000,7855
LAKE CENTRAL SCHOOL CORPORATION,87925550,4615
0061,RAINY DAY,800000,4615
0101,GENERAL,55700000,4615
0180,DEBT SERVICE,2777795,4615
0188,EXEMPT DEBT,LAKE AND ST. JOSEPH COUNTIES ONLY,6325000,4615
0189,EXEMPT PENSION DEBT,LAKE AND ST. JOSEPH COUNTIES,1434255,4615
0287,REFERENDUM DEBT FUND,EXEMPT CAPITAL,POST 2009,9240500,4615
1214,CAPITAL PROJECTS (School),5000000,4615
6301,TRANSPORTATION,5800000,4615
6302,BUS REPLACEMENT,848000,4615
LAKE RIDGE SCHOOL CORPORATION,26405573,4650
0061,RAINY DAY,450000,4650
0101,GENERAL,17893466,4650
0180,DEBT SERVICE,972976,4650
0188,EXEMPT DEBT,LAKE AND ST. JOSEPH COUNTIES ONLY,2473365,4650
0189,EXEMPT PENSION DEBT,LAKE AND ST. JOSEPH COUNTIES,78760,4650
1214,CAPITAL PROJECTS (School),1258455,4650
6301,TRANSPORTATION,2985551,4650
6302,BUS REPLACEMENT,293000,4650
LAKE STATION SCHOOL CORPORATION,14527541,4680
0101,GENERAL,11653821,4680
0180,DEBT SERVICE,1062715,4680
0188,EXEMPT DEBT,LAKE AND ST. JOSEPH COUNTIES ONLY,864773,4680
1214,CAPITAL PROJECTS (School),456957,4680
6301,TRANSPORTATION,419775,4680
6302,BUS REPLACEMENT,69500,4680
LAKELAND SCHOOL CORPORATION,21645742,4535
0101,GENERAL,15162026,4535
0180,DEBT SERVICE,1535620,4535
0186,SCHOOL PENSION DEBT,111792,4535
1214,CAPITAL PROJECTS (School),2679730,4535
6301,TRANSPORTATION,1862900,4535
6302,BUS REPLACEMENT,293674,4535
LANESVILLE SCHOOL CORPORATION,5880748,3160
0101,GENERAL,4085252,3160
0180,DEBT SERVICE,618850,3160
1214,CAPITAL PROJECTS (School),644246,3160
6301,TRANSPORTATION,387400,3160
6302,BUS REPLACEMENT,145000,3160
LAPORTE COMMUNITY SCHOOL CORPORATION,55834106,4945
0101,GENERAL,39958373,4945
0180,DEBT SERVICE,6981541,4945
0186,SCHOOL PENSION DEBT,1111399,4945
1214,CAPITAL PROJECTS (School),4343064,4945
6301,TRANSPORTATION,2866736,4945
6302,BUS REPLACEMENT,572993,4945
LAWRENCEBURG COMMUNITY SCHOOL CORPORATION,18888607,1620
0061,RAINY DAY,,1620
0101,GENERAL,14360604,1620
0180,DEBT SERVICE,1669413,1620
1214,CAPITAL PROJECTS (School),1753505,1620
6301,TRANSPORTATION,723085,1620
6302,BUS REPLACEMENT,382000,1620
LEBANON COMMUNITY SCHOOL CORPORATION,40867362,665
0061,RAINY DAY,2000000,665
0101,GENERAL,24190150,665
0180,DEBT SERVICE,4685404,665
0186,SCHOOL PENSION DEBT,304558,665
0287,REFERENDUM DEBT FUND,EXEMPT CAPITAL,POST 2009,3446000,665
1214,CAPITAL PROJECTS (School),3531750,665
6301,TRANSPORTATION,2383500,665
6302,BUS REPLACEMENT,326000,665
LIBERTY-PERRY COMMUNITY SCHOOL CORPORATION,10015463,1895
0061,RAINY DAY,250000,1895
0101,GENERAL,7225000,1895
0180,DEBT SERVICE,789000,1895
0186,SCHOOL PENSION DEBT,317065,1895
1214,CAPITAL PROJECTS (School),584551,1895
6301,TRANSPORTATION,672790,1895
6302,BUS REPLACEMENT,177057,1895
LINTON-STOCKTON SCHOOL CORPORATION,13177317,2950
0061,RAINY DAY,100000,2950
0101,GENERAL,9522027,2950
0180,DEBT SERVICE,1430647,2950
0186,SCHOOL PENSION DEBT,249357,2950
1214,CAPITAL PROJECTS (School),774201,2950
6301,TRANSPORTATION,676510,2950
6302,BUS REPLACEMENT,424575,2950
LOGANSPORT COMMUNITY SCHOOL CORPORATION,36718391,875
0061,RAINY DAY,0,875
0101,GENERAL,27150943,875
0180,DEBT SERVICE,4997808,875
0186,SCHOOL PENSION DEBT,516032,875
1214,CAPITAL PROJECTS (School),2429361,875
6301,TRANSPORTATION,1226247,875
6302,BUS REPLACEMENT,398000,875
LOOGOOTEE COMMUNITY SCHOOL CORPORATION,8939271,5525
0061,RAINY DAY,,5525
0101,GENERAL,6883750,5525
0180,DEBT SERVICE,296691,5525
0186,SCHOOL PENSION DEBT,271141,5525
1214,CAPITAL PROJECTS (School),761393,5525
6301,TRANSPORTATION,671596,5525
6302,BUS REPLACEMENT,54700,5525
M.S.D DECATUR TOWNSHIP SCHOOL CORPORATION,66535707,5300
0061,RAINY DAY,2000000,5300
0101,GENERAL,42500000,5300
0180,DEBT SERVICE,12953471,5300
0186,SCHOOL PENSION DEBT,773236,5300
1214,CAPITAL PROJECTS (School),3919000,5300
6301,TRANSPORTATION,3500000,5300
6302,BUS REPLACEMENT,890000,5300
M.S.D. BLUFFTON-HARRISON SCHOOL CORPORATION,15984563,8445
0061,RAINY DAY,150000,8445
0101,GENERAL,10685174,8445
0180,DEBT SERVICE,2264389,8445
1214,CAPITAL PROJECTS (School),1725000,8445
6301,TRANSPORTATION,950000,8445
6302,BUS REPLACEMENT,210000,8445
M.S.D. LAWRENCE TOWNSHIP SCHOOL CORPORATION,141911290,5330
0101,GENERAL,96549675,5330
0180,DEBT SERVICE,16938149,5330
0186,SCHOOL PENSION DEBT,2242543,5330
1214,CAPITAL PROJECTS (School),13668023,5330
6301,TRANSPORTATION,10712900,5330
6302,BUS REPLACEMENT,1800000,5330
M.S.D. MARTINSVILLE SCHOOL CORPORATION,57433361,5925
0101,GENERAL,43730339,5925
0180,DEBT SERVICE,1890939,5925
0186,SCHOOL PENSION DEBT,1312950,5925
1214,CAPITAL PROJECTS (School),4159800,5925
6301,TRANSPORTATION,4318552,5925
6302,BUS REPLACEMENT,2020781,5925
M.S.D. MOUNT VERNON SCHOOL CORPORATION,26016636,6590
0061,RAINY DAY,590000,6590
0101,GENERAL,14605103,6590
0180,DEBT SERVICE,2536000,6590
0186,SCHOOL PENSION DEBT,696336,6590
1214,CAPITAL PROJECTS (School),5344972,6590
6301,TRANSPORTATION,2023805,6590
6302,BUS REPLACEMENT,220420,6590
M.S.D. NORTH POSEY COUNTY SCHOOL CORPORATION,14690632,6600
0061,RAINY DAY,800000,6600
0101,GENERAL,9095760,6600
0180,DEBT SERVICE,987000,6600
0186,SCHOOL PENSION DEBT,353734,6600
1214,CAPITAL PROJECTS (School),1617110,6600
6301,TRANSPORTATION,1421815,6600
6302,BUS REPLACEMENT,415213,6600
M.S.D. OF WARREN COUNTY SCHOOL CORPORATION,12054554,8115
0061,RAINY DAY,75000,8115
0101,GENERAL,8166950,8115
0180,DEBT SERVICE,970433,8115
1214,CAPITAL PROJECTS (School),1392871,8115
6301,TRANSPORTATION,1188300,8115
6302,BUS REPLACEMENT,261000,8115
M.S.D. PIKE TOWNSHIP SCHOOL CORPORATION,128385000,5350
0061,RAINY DAY,5000000,5350
0101,GENERAL,75900000,5350
0180,DEBT SERVICE,8000000,5350
0186,SCHOOL PENSION DEBT,835000,5350
0287,REFERENDUM DEBT FUND,EXEMPT CAPITAL,POST 2009,9500000,5350
1214,CAPITAL PROJECTS (School),18050000,5350
6301,TRANSPORTATION,9100000,5350
6302,BUS REPLACEMENT,2000000,5350
M.S.D. SHAKAMAK SCHOOL CORPORATION,7646600,2960
0101,GENERAL,5988019,2960
0180,DEBT SERVICE,367845,2960
0186,SCHOOL PENSION DEBT,171612,2960
1214,CAPITAL PROJECTS (School),603124,2960
6301,TRANSPORTATION,350000,2960
6302,BUS REPLACEMENT,166000,2960
M.S.D. STEUBEN COUNTY SCHOOL CORPORATION,32253494,7615
0061,RAINY DAY,765000,7615
0101,GENERAL,20433415,7615
0180,DEBT SERVICE,5040658,7615
0186,SCHOOL PENSION DEBT,620891,7615
1214,CAPITAL PROJECTS (School),2686000,7615
6301,TRANSPORTATION,2027230,7615
6302,BUS REPLACEMENT,680300,7615
M.S.D. SW ALLEN COUNTY SCHOOL CORPORATION,66708319,125
0021,REFERENDUM FUND,EXEMPT OPERATING,3500000,125
0101,GENERAL,40653300,125
0180,DEBT SERVICE,10717586,125
0186,SCHOOL PENSION DEBT,394934,125
1214,CAPITAL PROJECTS (School),7586899,125
6301,TRANSPORTATION,3136800,125
6302,BUS REPLACEMENT,718800,125
M.S.D. WABASH COUNTY SCHOOL CORPORATION,23741373,8050
0101,GENERAL,15959124,8050
0180,DEBT SERVICE,2119400,8050
0186,SCHOOL PENSION DEBT,337850,8050
1214,CAPITAL PROJECTS (School),3040743,8050
6301,TRANSPORTATION,1653156,8050
6302,BUS REPLACEMENT,631100,8050
M.S.D. WARREN TOWNSHIP SCHOOL CORPORATION,0,5360
0101,GENERAL,0,5360
0180,DEBT SERVICE,0,5360
0186,SCHOOL PENSION DEBT,0,5360
1214,CAPITAL PROJECTS (School),0,5360
6301,TRANSPORTATION,0,5360
6302,BUS REPLACEMENT,0,5360
M.S.D. WASHINGTON TOWNSHIP SCHOOL CORPORATION,124334071,5370
0022,REFERENDUM FUND,EXEMPT OPERATING,POST 2009,8000000,5370
0061,RAINY DAY,2239192,5370
0101,GENERAL,78870312,5370
0180,DEBT SERVICE,8478703,5370
0186,SCHOOL PENSION DEBT,1663807,5370
1214,CAPITAL PROJECTS (School),14265503,5370
6301,TRANSPORTATION,8816554,5370
6302,BUS REPLACEMENT,2000000,5370
M.S.D. WAYNE TOWNSHIP SCHOOL CORPORATION,164357615,5375
0101,GENERAL,119533232,5375
0180,DEBT SERVICE,22697461,5375
0186,SCHOOL PENSION DEBT,1754922,5375
1214,CAPITAL PROJECTS (School),9070000,5375
6301,TRANSPORTATION,9200000,5375
6302,BUS REPLACEMENT,2102000,5375
MACONAQUAH SCHOOL CORPORATION,20621952,5615
0101,GENERAL,16252136,5615
0180,DEBT SERVICE,1268996,5615
1214,CAPITAL PROJECTS (School),1565500,5615
6301,TRANSPORTATION,1177000,5615
6302,BUS REPLACEMENT,358320,5615
MADISON CONSOLIDATED SCHOOL CORPORATION,29665941,3995
0101,GENERAL,19796753,3995
0180,DEBT SERVICE,3655805,3995
0186,SCHOOL PENSION DEBT,1209220,3995
1214,CAPITAL PROJECTS (School),2738228,3995
6301,TRANSPORTATION,1840935,3995
6302,BUS REPLACEMENT,425000,3995
MADISON-GRANT UNITED SCHOOL CORPORATION,13467227,2825
0061,RAINY DAY,0,2825
0101,GENERAL,9706800,2825
0180,DEBT SERVICE,710703,2825
0186,SCHOOL PENSION DEBT,326632,2825
1214,CAPITAL PROJECTS (School),1509142,2825
6301,TRANSPORTATION,948950,2825
6302,BUS REPLACEMENT,265000,2825
MANCHESTER COMMUNITY SCHOOL CORPORATION,14003305,8045
0101,GENERAL,9994000,8045
0180,DEBT SERVICE,1236103,8045
0186,SCHOOL PENSION DEBT,221702,8045
1214,CAPITAL PROJECTS (School),1601000,8045
6301,TRANSPORTATION,747000,8045
6302,BUS REPLACEMENT,203500,8045
MARION COMMUNITY SCHOOL CORPORATION,42023106,2865
0101,GENERAL,34237300,2865
0180,DEBT SERVICE,1663801,2865
0186,SCHOOL PENSION DEBT,1283705,2865
1214,CAPITAL PROJECTS (School),2303300,2865
6301,TRANSPORTATION,2415000,2865
6302,BUS REPLACEMENT,120000,2865
MEDORA COMMUNITY SCHOOL CORPORATION,2676707,3640
0061,RAINY DAY,25000,3640
0101,GENERAL,1777384,3640
0180,DEBT SERVICE,437000,3640
0186,SCHOOL PENSION DEBT,28611,3640
1214,CAPITAL PROJECTS (School),238712,3640
6301,TRANSPORTATION,100000,3640
6302,BUS REPLACEMENT,70000,3640
MERRILLVILLE SCHOOL CORPORATION,84499631,4600
0061,RAINY DAY,0,4600
0101,GENERAL,48217774,4600
0180,DEBT SERVICE,577472,4600
0188,EXEMPT DEBT,LAKE AND ST. JOSEPH COUNTIES ONLY,20365000,4600
0189,EXEMPT PENSION DEBT,LAKE AND ST. JOSEPH COUNTIES,1101946,4600
1214,CAPITAL PROJECTS (School),5500644,4600
6301,TRANSPORTATION,7115574,4600
6302,BUS REPLACEMENT,1621221,4600
MICHIGAN CITY AREA SCHOOL CORPORATION,68727872,4925
0022,REFERENDUM FUND,EXEMPT OPERATING,POST 2009,2438943,4925
0101,GENERAL,43657797,4925
0180,DEBT SERVICE,10820230,4925
0186,SCHOOL PENSION DEBT,1009186,4925
1214,CAPITAL PROJECTS (School),4886454,4925
6301,TRANSPORTATION,5339262,4925
6302,BUS REPLACEMENT,576000,4925
MIDDLEBURY COMMUNITY SCHOOL CORPORATION,41312589,2275
0101,GENERAL,27753399,2275
0180,DEBT SERVICE,8126758,2275
1214,CAPITAL PROJECTS (School),2565200,2275
6301,TRANSPORTATION,2498232,2275
6302,BUS REPLACEMENT,369000,2275
MILAN COMMUNITY SCHOOL CORPORATION,12007537,6910
0061,RAINY DAY,475000,6910
0101,GENERAL,8300000,6910
0180,DEBT SERVICE,1100537,6910
1214,CAPITAL PROJECTS (School),632000,6910
6301,TRANSPORTATION,1200000,6910
6302,BUS REPLACEMENT,300000,6910
MILL CREEK COMMUNITY SCHOOL CORPORATION,15439249,3335
0101,GENERAL,10144600,3335
0180,DEBT SERVICE,2453338,3335
0186,SCHOOL PENSION DEBT,288950,3335
1214,CAPITAL PROJECTS (School),1204361,3335
6301,TRANSPORTATION,968000,3335
6302,BUS REPLACEMENT,380000,3335
MISHAWAKA CITY SCHOOL CORPORATION,44817281,7200
0101,GENERAL,34818200,7200
0180,DEBT SERVICE,1335596,7200
0188,EXEMPT DEBT,LAKE AND ST. JOSEPH COUNTIES ONLY,5349535,7200
0608,HISTORICAL SOCIETY,44000,7200
1214,CAPITAL PROJECTS (School),2560100,7200
6301,TRANSPORTATION,626350,7200
6302,BUS REPLACEMENT,83500,7200
MISSISSINEWA COMMUNITY SCHOOL CORPORATION,21232209,2855
0101,GENERAL,17708778,2855
0180,DEBT SERVICE,1178714,2855
0186,SCHOOL PENSION DEBT,265211,2855
1214,CAPITAL PROJECTS (School),962453,2855
6301,TRANSPORTATION,817053,2855
6302,BUS REPLACEMENT,300000,2855
MITCHELL COMMUNITY SCHOOL CORPORATION,19585433,5085
0061,RAINY DAY,1000000,5085
0101,GENERAL,12495460,5085
0180,DEBT SERVICE,2628500,5085
1214,CAPITAL PROJECTS (School),1796207,5085
6301,TRANSPORTATION,1582223,5085
6302,BUS REPLACEMENT,83043,5085
MONROE CENTRAL SCHOOL CORPORATION,9050057,6820
0101,GENERAL,6400000,6820
0180,DEBT SERVICE,902043,6820
0186,SCHOOL PENSION DEBT,103628,6820
1214,CAPITAL PROJECTS (School),614386,6820
6301,TRANSPORTATION,850000,6820
6302,BUS REPLACEMENT,180000,6820
MONROE COUNTY COMMUNITY SCHOOL CORPORATION,105336122,5740
0022,REFERENDUM FUND,EXEMPT OPERATING,POST 2009,7282985,5740
0101,GENERAL,67527142,5740
0180,DEBT SERVICE,12213208,5740
0186,SCHOOL PENSION DEBT,1013400,5740
1214,CAPITAL PROJECTS (School),9555706,5740
6301,TRANSPORTATION,6256000,5740
6302,BUS REPLACEMENT,1487681,5740
MONROE-GREGG SCHOOL CORPORATION,16140255,5900
0061,RAINY DAY,250000,5900
0101,GENERAL,10889819,5900
0180,DEBT SERVICE,2194556,5900
0186,SCHOOL PENSION DEBT,144660,5900
1214,CAPITAL PROJECTS (School),1152711,5900
6301,TRANSPORTATION,1088509,5900
6302,BUS REPLACEMENT,420000,5900
MOORESVILLE CONSOLIDATED SCHOOL CORPORATION,41205833,5930
0061,RAINY DAY,2500000,5930
0101,GENERAL,27599247,5930
0180,DEBT SERVICE,4653183,5930
0186,SCHOOL PENSION DEBT,189663,5930
1214,CAPITAL PROJECTS (School),2963240,5930
6301,TRANSPORTATION,2700500,5930
6302,BUS REPLACEMENT,600000,5930
MT. VERNON COMMUNITY SCHOOL CORPORATION,35280850,3135
0101,GENERAL,21020180,3135
0180,DEBT SERVICE,9983734,3135
0186,SCHOOL PENSION DEBT,507504,3135
1214,CAPITAL PROJECTS (School),1865000,3135
6301,TRANSPORTATION,1400000,3135
6302,BUS REPLACEMENT,504432,3135
MUNCIE COMMUNITY SCHOOL CORPORATION,74733946,1970
0021,REFERENDUM FUND,EXEMPT OPERATING,3325000,1970
0061,RAINY DAY,0,1970
0101,GENERAL,52642000,1970
0180,DEBT SERVICE,7813000,1970
0186,SCHOOL PENSION DEBT,659946,1970
1214,CAPITAL PROJECTS (School),5583000,1970
6301,TRANSPORTATION,4390000,1970
6302,BUS REPLACEMENT,321000,1970
MUNSTER COMMUNITY SCHOOL CORPORATION,46136101,4740
0021,REFERENDUM FUND,EXEMPT OPERATING,3441815,4740
0101,GENERAL,25380240,4740
0180,DEBT SERVICE,4596994,4740
0188,EXEMPT DEBT,LAKE AND ST. JOSEPH COUNTIES ONLY,6282898,4740
0189,EXEMPT PENSION DEBT,LAKE AND ST. JOSEPH COUNTIES,641354,4740
1214,CAPITAL PROJECTS (School),1998400,4740
6301,TRANSPORTATION,2203400,4740
6302,BUS REPLACEMENT,1591000,4740
NETTLE CREEK SCHOOL CORPORATION,10480291,8305
0101,GENERAL,7593715,8305
0180,DEBT SERVICE,1300673,8305
1214,CAPITAL PROJECTS (School),797850,8305
6301,TRANSPORTATION,638053,8305
6302,BUS REPLACEMENT,150000,8305
NEW ALBANY-FLOYD COUNTY CONSOLIDATED SCHOOLS,110310739,2400
0061,RAINY DAY,2000000,2400
0101,GENERAL,71000000,2400
0180,DEBT SERVICE,18240239,2400
1214,CAPITAL PROJECTS (School),11330500,2400
6301,TRANSPORTATION,6350000,2400
6302,BUS REPLACEMENT,1390000,2400
NEW CASTLE COMMUNITY SCHOOL CORPORATION,32819870,3445
0101,GENERAL,25038600,3445
0180,DEBT SERVICE,1901067,3445
0186,SCHOOL PENSION DEBT,542149,3445
1214,CAPITAL PROJECTS (School),2541354,3445
6301,TRANSPORTATION,2236700,3445
6302,BUS REPLACEMENT,560000,3445
NEW DURHAM TOWNSHIP SCHOOL CORPORATION,8316332,4860
0101,GENERAL,5944683,4860
0180,DEBT SERVICE,1418573,4860
0186,SCHOOL PENSION DEBT,102515,4860
1214,CAPITAL PROJECTS (School),507254,4860
6301,TRANSPORTATION,258121,4860
6302,BUS REPLACEMENT,85186,4860
NEW PRAIRIE UNITED SCHOOL CORPORATION,28004367,4805
0061,RAINY DAY,500000,4805
0101,GENERAL,16943188,4805
0180,DEBT SERVICE,394880,4805
0188,EXEMPT DEBT,LAKE AND ST. JOSEPH COUNTIES ONLY,3973000,4805
0189,EXEMPT PENSION DEBT,LAKE AND ST. JOSEPH COUNTIES,152793,4805
1214,CAPITAL PROJECTS (School),2987506,4805
6301,TRANSPORTATION,2477000,4805
6302,BUS REPLACEMENT,576000,4805
NINEVEH-HENSLEY-JACKSON UNITED SCHOOL CORPORATION,17903304,4255
0061,RAINY DAY,500000,4255
0101,GENERAL,11025275,4255
0180,DEBT SERVICE,2709407,4255
0186,SCHOOL PENSION DEBT,202272,4255
1214,CAPITAL PROJECTS (School),1813222,4255
6301,TRANSPORTATION,1240128,4255
6302,BUS REPLACEMENT,413000,4255
NOBLESVILLE SCHOOL CORPORATION,102659910,3070
0022,REFERENDUM FUND,EXEMPT OPERATING,POST 2009,6786068,3070
0061,RAINY DAY,1325350,3070
0101,GENERAL,60847180,3070
0180,DEBT SERVICE,14867440,3070
0287,REFERENDUM DEBT FUND,EXEMPT CAPITAL,POST 2009,4457724,3070
1214,CAPITAL PROJECTS (School),7645668,3070
6301,TRANSPORTATION,5200480,3070
6302,BUS REPLACEMENT,1530000,3070
NORTH ADAMS COMMUNITY SCHOOL CORPORATION,19999352,25
0061,RAINY DAY,400000,25
0101,GENERAL,11863566,25
0180,DEBT SERVICE,3229838,25
0186,SCHOOL PENSION DEBT,617643,25
1214,CAPITAL PROJECTS (School),1939675,25
6301,TRANSPORTATION,1510690,25
6302,BUS REPLACEMENT,437940,25
North Central Parke Comm School Corp,14206628,6375
0061,RAINY DAY,60000,6375
0101,GENERAL,9704828,6375
0180,DEBT SERVICE,40000,6375
0181,DEBT PAYMENT,1180000,6375
0182,BOND #2,477000,6375
0186,SCHOOL PENSION DEBT,42192,6375
1214,CAPITAL PROJECTS (School),1454655,6375
6301,TRANSPORTATION,1016434,6375
6302,BUS REPLACEMENT,231519,6375
NORTH DAVIESS COUNTY SCHOOL CORPORATION,11622978,1375
0061,RAINY DAY,500000,1375
0101,GENERAL,7454350,1375
0180,DEBT SERVICE,1251800,1375
0186,SCHOOL PENSION DEBT,169090,1375
1214,CAPITAL PROJECTS (School),1171638,1375
6301,TRANSPORTATION,983100,1375
6302,BUS REPLACEMENT,93000,1375
NORTH GIBSON SCHOOL CORPORATION,23755912,2735
0061,RAINY DAY,1000000,2735
0101,GENERAL,13600950,2735
0180,DEBT SERVICE,3796394,2735
0186,SCHOOL PENSION DEBT,514140,2735
1214,CAPITAL PROJECTS (School),1652100,2735
6301,TRANSPORTATION,2791328,2735
6302,BUS REPLACEMENT,401000,2735
NORTH HARRISON COMMUNITY SCHOOL CORPORATION,20546498,3180
0101,GENERAL,15511533,3180
0180,DEBT SERVICE,1992245,3180
1214,CAPITAL PROJECTS (School),1305000,3180
6301,TRANSPORTATION,1513027,3180
6302,BUS REPLACEMENT,224693,3180
NORTH JUDSON-SAN PIERRE SCHOOL CORPORATION,14074075,7515
0101,GENERAL,10602650,7515
0180,DEBT SERVICE,1457003,7515
0186,SCHOOL PENSION DEBT,70785,7515
1214,CAPITAL PROJECTS (School),800637,7515
6301,TRANSPORTATION,951000,7515
6302,BUS REPLACEMENT,192000,7515
NORTH KNOX SCHOOL CORPORATION,18369566,4315
0061,RAINY DAY,1500000,4315
0101,GENERAL,10347296,4315
0180,DEBT SERVICE,912643,4315
0186,SCHOOL PENSION DEBT,282377,4315
1214,CAPITAL PROJECTS (School),3530000,4315
6301,TRANSPORTATION,1680400,4315
6302,BUS REPLACEMENT,116850,4315
NORTH LAWRENCE COMMUNITY SCHOOL CORPORATION,54278501,5075
0061,RAINY DAY,1150000,5075
0101,GENERAL,38017871,5075
0180,DEBT SERVICE,4805151,5075
0186,SCHOOL PENSION DEBT,867309,5075
1214,CAPITAL PROJECTS (School),4247805,5075
6301,TRANSPORTATION,4633365,5075
6302,BUS REPLACEMENT,557000,5075
NORTH MIAMI CONSOLIDATED SCHOOL CORPORATION,9690071,5620
0061,RAINY DAY,25000,5620
0101,GENERAL,6840625,5620
0180,DEBT SERVICE,554295,5620
0186,SCHOOL PENSION DEBT,218761,5620
1214,CAPITAL PROJECTS (School),925063,5620
6301,TRANSPORTATION,703827,5620
6302,BUS REPLACEMENT,422500,5620
NORTH MONTGOMERY COMMUNITY SCHOOL CORPORATION,20155849,5835
0061,RAINY DAY,170000,5835
0101,GENERAL,12541350,5835
0180,DEBT SERVICE,1855496,5835
0186,SCHOOL PENSION DEBT,276886,5835
1214,CAPITAL PROJECTS (School),2099517,5835
6301,TRANSPORTATION,2945600,5835
6302,BUS REPLACEMENT,267000,5835
NORTH NEWTON SCHOOL CORPORATION,15944426,5945
0101,GENERAL,10408838,5945
0180,DEBT SERVICE,2037746,5945
0186,SCHOOL PENSION DEBT,298742,5945
1214,CAPITAL PROJECTS (School),1266290,5945
6301,TRANSPORTATION,1654701,5945
6302,BUS REPLACEMENT,278109,5945
NORTH PUTNAM COMMUNITY SCHOOL CORPORATION,16690205,6715
0101,GENERAL,12058360,6715
0180,DEBT SERVICE,1583513,6715
0186,SCHOOL PENSION DEBT,238920,6715
1214,CAPITAL PROJECTS (School),1099583,6715
6301,TRANSPORTATION,1359829,6715
6302,BUS REPLACEMENT,350000,6715
NORTH SPENCER COUNTY SCHOOL CORPORATION,18567965,7385
0061,RAINY DAY,600000,7385
0101,GENERAL,12242724,7385
0180,DEBT SERVICE,1956626,7385
0186,SCHOOL PENSION DEBT,283124,7385
1214,CAPITAL PROJECTS (School),1758905,7385
6301,TRANSPORTATION,1386586,7385
6302,BUS REPLACEMENT,340000,7385
NORTH VERMILLION COMMUNITY SCHOOL CORPORATION,9257289,8010
0061,RAINY DAY,34000,8010
0101,GENERAL,5300023,8010
0180,DEBT SERVICE,1175266,8010
1214,CAPITAL PROJECTS (School),1858500,8010
6301,TRANSPORTATION,725000,8010
6302,BUS REPLACEMENT,164500,8010
NORTH WHITE SCHOOL CORPORATION,13601137,8515
0061,RAINY DAY,350000,8515
0101,GENERAL,8237410,8515
0180,DEBT SERVICE,1559010,8515
0186,SCHOOL PENSION DEBT,178730,8515
1214,CAPITAL PROJECTS (School),2073577,8515
6301,TRANSPORTATION,1024650,8515
6302,BUS REPLACEMENT,177760,8515
NORTHEAST DUBOIS COUNTY SCHOOL CORPORATION,11174200,2040
0061,RAINY DAY,325730,2040
0101,GENERAL,6677632,2040
0180,DEBT SERVICE,596859,2040
0186,SCHOOL PENSION DEBT,354738,2040
1214,CAPITAL PROJECTS (School),1567241,2040
6301,TRANSPORTATION,942000,2040
6302,BUS REPLACEMENT,710000,2040
NORTHEAST SCHOOL CORPORATION,12639553,7645
0061,RAINY DAY,50000,7645
0101,GENERAL,9000000,7645
0180,DEBT SERVICE,1028400,7645
0186,SCHOOL PENSION DEBT,346849,7645
1214,CAPITAL PROJECTS (School),880000,7645
6301,TRANSPORTATION,1134304,7645
6302,BUS REPLACEMENT,200000,7645
NORTHEASTERN WAYNE SCHOOL CORPORATION,13005743,8375
0101,GENERAL,9457600,8375
0180,DEBT SERVICE,925932,8375
0186,SCHOOL PENSION DEBT,248239,8375
1214,CAPITAL PROJECTS (School),1082472,8375
6301,TRANSPORTATION,841500,8375
6302,BUS REPLACEMENT,450000,8375
NORTHERN WELLS COMMUNITY SCHOOL CORPORATION,23133526,8435
0061,RAINY DAY,0,8435
0101,GENERAL,15255127,8435
0180,DEBT SERVICE,2151305,8435
0186,SCHOOL PENSION DEBT,361338,8435
0287,REFERENDUM DEBT FUND,EXEMPT CAPITAL,POST 2009,1150000,8435
1214,CAPITAL PROJECTS (School),2245595,8435
6301,TRANSPORTATION,1599161,8435
6302,BUS REPLACEMENT,371000,8435
NORTHWEST ALLEN COUNTY SCHOOL CORPORATION,63044254,225
0101,GENERAL,38925614,225
0180,DEBT SERVICE,15804321,225
0186,SCHOOL PENSION DEBT,0,225
1214,CAPITAL PROJECTS (School),4278519,225
6301,TRANSPORTATION,3075400,225
6302,BUS REPLACEMENT,960400,225
NORTHWEST HENDRICKS SCHOOL CORPORATION,21696553,3295
0061,RAINY DAY,300000,3295
0101,GENERAL,11155784,3295
0180,DEBT SERVICE,6405806,3295
0186,SCHOOL PENSION DEBT,239763,3295
1214,CAPITAL PROJECTS (School),1295200,3295
6301,TRANSPORTATION,1200000,3295
6302,BUS REPLACEMENT,1100000,3295
NORTHWESTERN CONSOLIDATED SCHOOL CORPORATION,14309442,7350
0101,GENERAL,9280689,7350
0180,DEBT SERVICE,1947002,7350
0186,SCHOOL PENSION DEBT,119350,7350
1214,CAPITAL PROJECTS (School),1648801,7350
6301,TRANSPORTATION,1033600,7350
6302,BUS REPLACEMENT,280000,7350
NORTHWESTERN SCHOOL CORPORATION,16891893,3470
0061,RAINY DAY,200000,3470
0101,GENERAL,10000000,3470
0180,DEBT SERVICE,2539095,3470
0186,SCHOOL PENSION DEBT,158018,3470
1214,CAPITAL PROJECTS (School),2071500,3470
6301,TRANSPORTATION,1548280,3470
6302,BUS REPLACEMENT,375000,3470
OAK HILL UNITED SCHOOL CORPORATION,15444761,5625
0061,RAINY DAY,170800,5625
0101,GENERAL,10574560,5625
0180,DEBT SERVICE,2540710,5625
1214,CAPITAL PROJECTS (School),1040031,5625
6301,TRANSPORTATION,883660,5625
6302,BUS REPLACEMENT,235000,5625
OREGON-DAVIS SCHOOL CORPORATION,9408248,7495
0022,REFERENDUM FUND,EXEMPT OPERATING,POST 2009,400000,7495
0061,RAINY DAY,399577,7495
0101,GENERAL,5698179,7495
0180,DEBT SERVICE,1003001,7495
1214,CAPITAL PROJECTS (School),984966,7495
6301,TRANSPORTATION,702525,7495
6302,BUS REPLACEMENT,220000,7495
ORLEANS COMMUNITY SCHOOL CORPORATION,8929543,6145
0061,RAINY DAY,100000,6145
0101,GENERAL,6298715,6145
0180,DEBT SERVICE,694000,6145
0186,SCHOOL PENSION DEBT,304828,6145
1214,CAPITAL PROJECTS (School),828500,6145
6301,TRANSPORTATION,643500,6145
6302,BUS REPLACEMENT,60000,6145
PAOLI COMMUNITY SCHOOL CORPORATION,15890760,6155
0061,RAINY DAY,445000,6155
0101,GENERAL,12409856,6155
0180,DEBT SERVICE,1343904,6155
1214,CAPITAL PROJECTS (School),740000,6155
6301,TRANSPORTATION,860000,6155
6302,BUS REPLACEMENT,92000,6155
PENN-HARRIS-MADISON-SCHOOL CORPORATION,94772167,7175
0061,RAINY DAY,1044550,7175
0101,GENERAL,64781630,7175
0180,DEBT SERVICE,5004898,7175
0188,EXEMPT DEBT,LAKE AND ST. JOSEPH COUNTIES ONLY,8191121,7175
0189,EXEMPT PENSION DEBT,LAKE AND ST. JOSEPH COUNTIES,806482,7175
0608,HISTORICAL SOCIETY,130000,7175
1214,CAPITAL PROJECTS (School),6807426,7175
2016,ART INSTITUTE,130000,7175
6301,TRANSPORTATION,6709180,7175
6302,BUS REPLACEMENT,1166880,7175
PERRY CENTRAL COMMUNITY SCHOOL CORPORATION,11439235,6325
0101,GENERAL,8700000,6325
0180,DEBT SERVICE,541090,6325
0186,SCHOOL PENSION DEBT,206637,6325
1214,CAPITAL PROJECTS (School),776508,6325
6301,TRANSPORTATION,900000,6325
6302,BUS REPLACEMENT,315000,6325
PERRY TOWNSHIP SCHOOLS,151400199,5340
0022,REFERENDUM FUND,EXEMPT OPERATING,POST 2009,10000000,5340
0101,GENERAL,99539609,5340
0104,REPAIR & REPLACEMENT,176000,5340
0180,DEBT SERVICE,13036251,5340
0186,SCHOOL PENSION DEBT,2176917,5340
0203,SELF INSURANCE,600000,5340
0287,REFERENDUM DEBT FUND,EXEMPT CAPITAL,POST 2009,3876000,5340
1214,CAPITAL PROJECTS (School),9733114,5340
6301,TRANSPORTATION,10710656,5340
6302,BUS REPLACEMENT,1551652,5340
PERU COMMUNITY SCHOOL CORPORATION,18659255,5635
0061,RAINY DAY,0,5635
0101,GENERAL,14425833,5635
0180,DEBT SERVICE,2094920,5635
0186,SCHOOL PENSION DEBT,145420,5635
1214,CAPITAL PROJECTS (School),1337857,5635
6301,TRANSPORTATION,565692,5635
6302,BUS REPLACEMENT,89533,5635
PIKE COUNTY SCHOOL CORPORATION,24448395,6445
0101,GENERAL,15315082,6445
0180,DEBT SERVICE,1816093,6445
0186,SCHOOL PENSION DEBT,584112,6445
1214,CAPITAL PROJECTS (School),3574440,6445
6301,TRANSPORTATION,2779310,6445
6302,BUS REPLACEMENT,379358,6445
PIONEER REGIONAL SCHOOL CORPORATION,10308958,775
0061,RAINY DAY,200000,775
0101,GENERAL,6310650,775
0180,DEBT SERVICE,613238,775
0186,SCHOOL PENSION DEBT,173000,775
1214,CAPITAL PROJECTS (School),1554420,775
6301,TRANSPORTATION,897650,775
6302,BUS REPLACEMENT,560000,775
PLAINFIELD COMMUNITY SCHOOL CORPORATION,50973008,3330
0101,GENERAL,31000000,3330
0180,DEBT SERVICE,12691039,3330
0186,SCHOOL PENSION DEBT,415169,3330
1214,CAPITAL PROJECTS (School),4109300,3330
6301,TRANSPORTATION,2022500,3330
6302,BUS REPLACEMENT,735000,3330
PLYMOUTH COMMUNITY SCHOOL,35151286,5485
0061,RAINY DAY,660000,5485
0101,GENERAL,24748774,5485
0180,DEBT SERVICE,4091063,5485
0186,SCHOOL PENSION DEBT,313877,5485
1214,CAPITAL PROJECTS (School),3601600,5485
6301,TRANSPORTATION,1413972,5485
6302,BUS REPLACEMENT,322000,5485
PORTAGE TOWNSHIP SCHOOL CORPORATION,75644385,6550
0101,GENERAL,54653232,6550
0180,DEBT SERVICE,7001440,6550
0186,SCHOOL PENSION DEBT,1431269,6550
1214,CAPITAL PROJECTS (School),4885855,6550
6301,TRANSPORTATION,6463417,6550
6302,BUS REPLACEMENT,1209172,6550
PORTER TOWNSHIP SCHOOL CORPORATION,15065124,6520
0101,GENERAL,9181485,6520
0180,DEBT SERVICE,3014012,6520
0186,SCHOOL PENSION DEBT,128777,6520
1214,CAPITAL PROJECTS (School),1275400,6520
6301,TRANSPORTATION,1370450,6520
6302,BUS REPLACEMENT,95000,6520
PRAIRIE HEIGHTS COMMUNITY SCHOOL CORPORATION,14938569,4515
0101,GENERAL,10178000,4515
0180,DEBT SERVICE,938566,4515
0186,SCHOOL PENSION DEBT,218829,4515
1214,CAPITAL PROJECTS (School),1509500,4515
6301,TRANSPORTATION,1705950,4515
6302,BUS REPLACEMENT,387724,4515
RANDOLPH CENTRAL SCHOOL CORPORATION,14519530,6825
0101,GENERAL,10761687,6825
0180,DEBT SERVICE,1119650,6825
0186,SCHOOL PENSION DEBT,265913,6825
1214,CAPITAL PROJECTS (School),875374,6825
6301,TRANSPORTATION,1163906,6825
6302,BUS REPLACEMENT,333000,6825
RANDOLPH EASTERN SCHOOL CORPORATION,8864246,6835
0061,RAINY DAY,587200,6835
0101,GENERAL,6443745,6835
0180,DEBT SERVICE,752942,6835
0186,SCHOOL PENSION DEBT,51807,6835
1214,CAPITAL PROJECTS (School),401202,6835
6301,TRANSPORTATION,529350,6835
6302,BUS REPLACEMENT,98000,6835
RANDOLPH SOUTHERN SCHOOL CORPORATION,5510253,6805
0061,RAINY DAY,400000,6805
0101,GENERAL,3740982,6805
0180,DEBT SERVICE,388654,6805
0186,SCHOOL PENSION DEBT,85340,6805
1214,CAPITAL PROJECTS (School),374127,6805
6301,TRANSPORTATION,411150,6805
6302,BUS REPLACEMENT,110000,6805
RENSSELAER CENTRAL SCHOOL CORPORATION,15990074,3815
0101,GENERAL,10677745,3815
0180,DEBT SERVICE,1851104,3815
0186,SCHOOL PENSION DEBT,254356,3815
1214,CAPITAL PROJECTS (School),2385372,3815
6301,TRANSPORTATION,721497,3815
6302,BUS REPLACEMENT,100000,3815
RICHLAND-BEAN BLOSSOM COMMUNITY SCHOOL CORPORATION,24915363,5705
0101,GENERAL,16361539,5705
0180,DEBT SERVICE,4904366,5705
0186,SCHOOL PENSION DEBT,243872,5705
1214,CAPITAL PROJECTS (School),1889400,5705
6301,TRANSPORTATION,1030376,5705
6302,BUS REPLACEMENT,485810,5705
RICHMOND COMMUNITY SCHOOL CORPORATION,48039907,8385
0061,RAINY DAY,0,8385
0101,GENERAL,37741921,8385
0180,DEBT SERVICE,743611,8385
0186,SCHOOL PENSION DEBT,1721189,8385
1214,CAPITAL PROJECTS (School),4588581,8385
6301,TRANSPORTATION,2674605,8385
6302,BUS REPLACEMENT,570000,8385
RISING SUN-OHIO COUNTY COMMUNITY SCHOOL,8033012,6080
0061,RAINY DAY,120000,6080
0101,GENERAL,6000000,6080
0180,DEBT SERVICE,717262,6080
1214,CAPITAL PROJECTS (School),598000,6080
6301,TRANSPORTATION,447750,6080
6302,BUS REPLACEMENT,150000,6080
RIVER FOREST COMMUNITY SCHOOL CORPORATION,15011146,4590
0101,GENERAL,11700000,4590
0180,DEBT SERVICE,413701,4590
0188,EXEMPT DEBT,LAKE AND ST. JOSEPH COUNTIES ONLY,1505089,4590
0189,EXEMPT PENSION DEBT,LAKE AND ST. JOSEPH COUNTIES,45096,4590
1214,CAPITAL PROJECTS (School),535260,4590
6301,TRANSPORTATION,707000,4590
6302,BUS REPLACEMENT,105000,4590
ROCHESTER COMMUNITY SCHOOL CORPORATION,17876346,2645
0101,GENERAL,12357881,2645
0180,DEBT SERVICE,2313965,2645
1214,CAPITAL PROJECTS (School),2116000,2645
6301,TRANSPORTATION,849500,2645
6302,BUS REPLACEMENT,239000,2645
ROSSVILLE CONSOLIDATED SCHOOL CORP,8467870,1180
0061,RAINY DAY,241100,1180
0101,GENERAL,5575000,1180
0180,DEBT SERVICE,1245000,1180
0186,SCHOOL PENSION DEBT,74470,1180
1214,CAPITAL PROJECTS (School),679500,1180
6301,TRANSPORTATION,467800,1180
6302,BUS REPLACEMENT,185000,1180
RUSH COUNTY SCHOOL CORPORATION,25951819,6995
0101,GENERAL,18192499,6995
0180,DEBT SERVICE,2215000,6995
1214,CAPITAL PROJECTS (School),2160000,6995
6301,TRANSPORTATION,3000000,6995
6302,BUS REPLACEMENT,384320,6995
SALEM COMMUNITY SCHOOL CORPORATION,17229827,8205
0101,GENERAL,12700042,8205
0180,DEBT SERVICE,2049000,8205
0186,SCHOOL PENSION DEBT,208515,8205
1214,CAPITAL PROJECTS (School),1113770,8205
6301,TRANSPORTATION,860000,8205
6302,BUS REPLACEMENT,298500,8205
School City of East Chicago,62694137,4670
0101,GENERAL,44000000,4670
0180,DEBT SERVICE,2440006,4670
0188,EXEMPT DEBT,LAKE AND ST. JOSEPH COUNTIES ONLY,5307000,4670
0189,EXEMPT PENSION DEBT,LAKE AND ST. JOSEPH COUNTIES,392081,4670
1214,CAPITAL PROJECTS (School),4213600,4670
6301,TRANSPORTATION,4844000,4670
6302,BUS REPLACEMENT,1497450,4670
SCHOOL CITY OF HOBART SCHOOL CORPORATION,39685038,4730
0101,GENERAL,26957225,4730
0180,DEBT SERVICE,1550347,4730
0188,EXEMPT DEBT,LAKE AND ST. JOSEPH COUNTIES ONLY,6228000,4730
0189,EXEMPT PENSION DEBT,LAKE AND ST. JOSEPH COUNTIES,351645,4730
1214,CAPITAL PROJECTS (School),2386238,4730
6301,TRANSPORTATION,1997697,4730
6302,BUS REPLACEMENT,213886,4730
SCOTT COUNTY DISTRICT NO. 1 SCHOOL CORPORATION,13084698,7230
0101,GENERAL,10426500,7230
0180,DEBT SERVICE,1231637,7230
0186,SCHOOL PENSION DEBT,160932,7230
1214,CAPITAL PROJECTS (School),885629,7230
6301,TRANSPORTATION,200000,7230
6302,BUS REPLACEMENT,180000,7230
SCOTT COUNTY DISTRICT NO. 2 SCHOOL CORPORATION,25524232,7255
0101,GENERAL,17684248,7255
0180,DEBT SERVICE,2327618,7255
0186,SCHOOL PENSION DEBT,502582,7255
1214,CAPITAL PROJECTS (School),1492424,7255
6301,TRANSPORTATION,2345182,7255
6302,BUS REPLACEMENT,1172178,7255
SEYMOUR COMMUNITY SCHOOL CORPORATION,37413569,3675
0101,GENERAL,27840000,3675
0180,DEBT SERVICE,3353877,3675
0186,SCHOOL PENSION DEBT,315691,3675
1214,CAPITAL PROJECTS (School),3954600,3675
6301,TRANSPORTATION,1496000,3675
6302,BUS REPLACEMENT,453401,3675
SHELBY EASTERN SCHOOL CORPORATION,14863063,7285
0061,RAINY DAY,100000,7285
0101,GENERAL,9329622,7285
0180,DEBT SERVICE,2578000,7285
0186,SCHOOL PENSION DEBT,320441,7285
1214,CAPITAL PROJECTS (School),1015000,7285
6301,TRANSPORTATION,1325000,7285
6302,BUS REPLACEMENT,195000,7285
SHELBYVILLE CENTRAL SCHOOL CORPORATION,42350216,7365
0101,GENERAL,28800265,7365
0180,DEBT SERVICE,5704025,7365
0186,SCHOOL PENSION DEBT,0,7365
1214,CAPITAL PROJECTS (School),3044169,7365
6301,TRANSPORTATION,3867359,7365
6302,BUS REPLACEMENT,934398,7365
SHENANDOAH SCHOOL CORPORATION,13637886,3435
0101,GENERAL,9515164,3435
0180,DEBT SERVICE,937272,3435
0186,SCHOOL PENSION DEBT,355750,3435
1214,CAPITAL PROJECTS (School),1472700,3435
6301,TRANSPORTATION,997000,3435
6302,BUS REPLACEMENT,360000,3435
SHERIDAN COMMUNITY SCHOOLS,12544002,3055
0021,REFERENDUM FUND,EXEMPT OPERATING,708299,3055
0061,RAINY DAY,0,3055
0101,GENERAL,7333276,3055
0180,DEBT SERVICE,2534762,3055
0186,SCHOOL PENSION DEBT,101412,3055
1214,CAPITAL PROJECTS (School),835011,3055
6301,TRANSPORTATION,780522,3055
6302,BUS REPLACEMENT,250720,3055
SHOALS COMMUNITY SCHOOL CORPORATION,6745650,5520
0101,GENERAL,4530320,5520
0180,DEBT SERVICE,402760,5520
0186,SCHOOL PENSION DEBT,209660,5520
1214,CAPITAL PROJECTS (School),602410,5520
6301,TRANSPORTATION,804500,5520
6302,BUS REPLACEMENT,196000,5520
SMITH-GREEN COMMUNITY SCHOOL CORPORATION,10351364,8625
0101,GENERAL,7498714,8625
0180,DEBT SERVICE,756870,8625
0186,SCHOOL PENSION DEBT,199951,8625
1214,CAPITAL PROJECTS (School),1088679,8625
6301,TRANSPORTATION,587150,8625
6302,BUS REPLACEMENT,220000,8625
SOUTH ADAMS SCHOOL CORPORATION,14788275,35
0061,RAINY DAY,400000,35
0101,GENERAL,9460099,35
0180,DEBT SERVICE,1870000,35
1214,CAPITAL PROJECTS (School),1708176,35
6301,TRANSPORTATION,1350000,35
6302,BUS REPLACEMENT,0,35
SOUTH BEND COMMUNITY SCHOOL CORPORATION,185757115,7205
0101,GENERAL,132895867,7205
0180,DEBT SERVICE,1286240,7205
0188,EXEMPT DEBT,LAKE AND ST. JOSEPH COUNTIES ONLY,19370593,7205
0189,EXEMPT PENSION DEBT,LAKE AND ST. JOSEPH COUNTIES,3152710,7205
0608,HISTORICAL SOCIETY,256186,7205
1214,CAPITAL PROJECTS (School),9602779,7205
2016,ART INSTITUTE,256186,7205
6301,TRANSPORTATION,16121508,7205
6302,BUS REPLACEMENT,2815046,7205
SOUTH CENTRAL COMMUNITY SCHOOL CORPORATION,7998088,4940
0101,GENERAL,5300000,4940
0180,DEBT SERVICE,1387758,4940
0186,SCHOOL PENSION DEBT,90330,4940
1214,CAPITAL PROJECTS (School),490000,4940
6301,TRANSPORTATION,550000,4940
6302,BUS REPLACEMENT,180000,4940
SOUTH DEARBORN COMMUNITY SCHOOL CORPORATION,27331915,1600
0061,RAINY DAY,350000,1600
0101,GENERAL,18702197,1600
0180,DEBT SERVICE,3810951,1600
0186,SCHOOL PENSION DEBT,222386,1600
1214,CAPITAL PROJECTS (School),2088548,1600
6301,TRANSPORTATION,1907246,1600
6302,BUS REPLACEMENT,250587,1600
SOUTH GIBSON SCHOOL CORPORATION,19511417,2765
0101,GENERAL,12264730,2765
0180,DEBT SERVICE,2907251,2765
0186,SCHOOL PENSION DEBT,417981,2765
1214,CAPITAL PROJECTS (School),2410800,2765
6301,TRANSPORTATION,1425655,2765
6302,BUS REPLACEMENT,85000,2765
SOUTH HARRISON SCHOOL CORPORATION,31984547,3190
0061,RAINY DAY,399500,3190
0101,GENERAL,20724534,3190
0180,DEBT SERVICE,4878500,3190
0186,SCHOOL PENSION DEBT,957830,3190
1214,CAPITAL PROJECTS (School),2374755,3190
6301,TRANSPORTATION,2349428,3190
6302,BUS REPLACEMENT,300000,3190
SOUTH HENRY SCHOOL CORPORATION,7234025,3415
0101,GENERAL,5242645,3415
0180,DEBT SERVICE,647068,3415
0186,SCHOOL PENSION DEBT,80612,3415
1214,CAPITAL PROJECTS (School),520700,3415
6301,TRANSPORTATION,583000,3415
6302,BUS REPLACEMENT,160000,3415
SOUTH KNOX SCHOOL CORPORATION,13065640,4325
0061,RAINY DAY,20000,4325
0101,GENERAL,7919165,4325
0180,DEBT SERVICE,1357832,4325
0186,SCHOOL PENSION DEBT,228990,4325
1214,CAPITAL PROJECTS (School),1834714,4325
6301,TRANSPORTATION,1529939,4325
6302,BUS REPLACEMENT,175000,4325
SOUTH MADISON COMMUNITY SCHOOL CORPORATION,41817519,5255
0101,GENERAL,27847492,5255
0180,DEBT SERVICE,8847319,5255
1214,CAPITAL PROJECTS (School),2276384,5255
6301,TRANSPORTATION,2605820,5255
6302,BUS REPLACEMENT,240504,5255
SOUTH MONTGOMERY COMMUNITY SCHOOL CORPORATION,21672710,5845
0061,RAINY DAY,800000,5845
0101,GENERAL,11435010,5845
0180,DEBT SERVICE,4968622,5845
0186,SCHOOL PENSION DEBT,314147,5845
1214,CAPITAL PROJECTS (School),1901000,5845
6301,TRANSPORTATION,2047000,5845
6302,BUS REPLACEMENT,206931,5845
SOUTH NEWTON SCHOOL CORPORATION,12345407,5995
0061,RAINY DAY,579476,5995
0101,GENERAL,7443409,5995
0180,DEBT SERVICE,1137494,5995
0186,SCHOOL PENSION DEBT,246218,5995
1214,CAPITAL PROJECTS (School),1507610,5995
6301,TRANSPORTATION,1163200,5995
6302,BUS REPLACEMENT,268000,5995
SOUTH PUTNAM COMMUNITY SCHOOL CORPORATION,12803795,6705
0101,GENERAL,7478722,6705
0180,DEBT SERVICE,2624187,6705
0186,SCHOOL PENSION DEBT,243346,6705
1214,CAPITAL PROJECTS (School),833162,6705
6301,TRANSPORTATION,1294378,6705
6302,BUS REPLACEMENT,330000,6705
SOUTH RIPLEY COMMUNITY SCHOOL CORPORATION,13522269,6865
0061,RAINY DAY,200000,6865
0101,GENERAL,9526403,6865
0180,DEBT SERVICE,1540000,6865
1214,CAPITAL PROJECTS (School),903866,6865
6301,TRANSPORTATION,1200000,6865
6302,BUS REPLACEMENT,152000,6865
SOUTH SPENCER COUNTY SCHOOL CORPORATION,19688904,7445
0061,RAINY DAY,250000,7445
0101,GENERAL,10013380,7445
0180,DEBT SERVICE,1590229,7445
0186,SCHOOL PENSION DEBT,881295,7445
1214,CAPITAL PROJECTS (School),3524000,7445
6301,TRANSPORTATION,2914000,7445
6302,BUS REPLACEMENT,516000,7445
SOUTH VERMILLION COMMUNITY SCHOOL CORPORATION,18152180,8020
0101,GENERAL,12606500,8020
0180,DEBT SERVICE,1724921,8020
1214,CAPITAL PROJECTS (School),2339474,8020
6301,TRANSPORTATION,1110000,8020
6302,BUS REPLACEMENT,371285,8020
SOUTHEAST DUBOIS COUNTY SCHOOL CORPORATION,13278415,2100
0061,RAINY DAY,425000,2100
0101,GENERAL,8090915,2100
0180,DEBT SERVICE,1482000,2100
0186,SCHOOL PENSION DEBT,347500,2100
1214,CAPITAL PROJECTS (School),1724500,2100
6301,TRANSPORTATION,898500,2100
6302,BUS REPLACEMENT,310000,2100
SOUTHEAST FOUNTAIN SCHOOL CORPORATION,11373860,2455
0061,RAINY DAY,500000,2455
0101,GENERAL,7997051,2455
0180,DEBT SERVICE,726609,2455
1214,CAPITAL PROJECTS (School),1044100,2455
6301,TRANSPORTATION,918600,2455
6302,BUS REPLACEMENT,187500,2455
SOUTHEASTERN SCHOOL CORPORATION,13799524,815
0101,GENERAL,10126835,815
0180,DEBT SERVICE,712000,815
0186,SCHOOL PENSION DEBT,269861,815
1214,CAPITAL PROJECTS (School),1295328,815
6301,TRANSPORTATION,1020500,815
6302,BUS REPLACEMENT,375000,815
SOUTHERN HANCOCK COUNTY COMMUNITY SCHOOL,29197980,3115
0101,GENERAL,18677150,3115
0180,DEBT SERVICE,5354520,3115
0186,SCHOOL PENSION DEBT,441400,3115
1214,CAPITAL PROJECTS (School),2166910,3115
6301,TRANSPORTATION,1783000,3115
6302,BUS REPLACEMENT,775000,3115
SOUTHERN WELLS COMMUNITY SCHOOL CORPORATION,7088900,8425
0021,REFERENDUM FUND,EXEMPT OPERATING,353525,8425
0061,RAINY DAY,85000,8425
0101,GENERAL,5037828,8425
0180,DEBT SERVICE,285715,8425
1214,CAPITAL PROJECTS (School),502132,8425
6301,TRANSPORTATION,674700,8425
6302,BUS REPLACEMENT,150000,8425
SOUTHWEST DUBOIS COUNTY SCHOOL CORPORATION,19869039,2110
0101,GENERAL,11811155,2110
0180,DEBT SERVICE,1237677,2110
0186,SCHOOL PENSION DEBT,375000,2110
0187,REFERENDUM DEBT FUND,EXEMPT CAPITAL,1609382,2110
1214,CAPITAL PROJECTS (School),2472825,2110
6301,TRANSPORTATION,1778000,2110
6302,BUS REPLACEMENT,585000,2110
SOUTHWEST PARKE COMMUNITY SCHOOL CORPORATION,10724965,6260
0101,GENERAL,8054000,6260
0180,DEBT SERVICE,1133013,6260
1214,CAPITAL PROJECTS (School),555852,6260
6301,TRANSPORTATION,558500,6260
6302,BUS REPLACEMENT,423600,6260
SOUTHWEST SCHOOL CORPORATION,20540888,7715
0061,RAINY DAY,1000000,7715
0101,GENERAL,11273000,7715
0180,DEBT SERVICE,2456000,7715
0186,SCHOOL PENSION DEBT,727474,7715
1214,CAPITAL PROJECTS (School),2498028,7715
6301,TRANSPORTATION,2420300,7715
6302,BUS REPLACEMENT,166086,7715
SOUTHWESTERN CONSOLIDATED SHELBY COUNTY SCHOOLS,8229839,7360
0061,RAINY DAY,0,7360
0101,GENERAL,5151725,7360
0180,DEBT SERVICE,737139,7360
0186,SCHOOL PENSION DEBT,56500,7360
1214,CAPITAL PROJECTS (School),945410,7360
6301,TRANSPORTATION,1100000,7360
6302,BUS REPLACEMENT,239065,7360
SOUTHWESTERN JEFFERSON CONSOLIDATED SCHOOLS,15931973,4000
0061,RAINY DAY,300000,4000
0101,GENERAL,12000000,4000
0180,DEBT SERVICE,467106,4000
0186,SCHOOL PENSION DEBT,156267,4000
1214,CAPITAL PROJECTS (School),1281000,4000
6301,TRANSPORTATION,1352600,4000
6302,BUS REPLACEMENT,375000,4000
SPEEDWAY CITY SCHOOL CORPORATION,19367686,5400
0022,REFERENDUM FUND,EXEMPT OPERATING,POST 2009,3270325,5400
0101,GENERAL,13602825,5400
0180,DEBT SERVICE,470422,5400
1214,CAPITAL PROJECTS (School),1914114,5400
6301,TRANSPORTATION,110000,5400
SPENCER-OWEN COMMUNITY SCHOOL CORPORATION,28805816,6195
0061,RAINY DAY,1000000,6195
0101,GENERAL,19317279,6195
0180,DEBT SERVICE,3914728,6195
0186,SCHOOL PENSION DEBT,254235,6195
1214,CAPITAL PROJECTS (School),1149149,6195
6301,TRANSPORTATION,2943425,6195
6302,BUS REPLACEMENT,227000,6195
SPRINGS VALLEY COMMUNITY SCHOOL CORPORATION,10307005,6160
0061,RAINY DAY,1089023,6160
0101,GENERAL,6002488,6160
0180,DEBT SERVICE,828600,6160
0186,SCHOOL PENSION DEBT,124929,6160
1214,CAPITAL PROJECTS (School),1373965,6160
6301,TRANSPORTATION,800000,6160
6302,BUS REPLACEMENT,88000,6160
SUNMAN-DEARBORN COMMUNITY SCHOOL CORPORATION,41820817,1560
0101,GENERAL,26119000,1560
0180,DEBT SERVICE,6862510,1560
0186,SCHOOL PENSION DEBT,1149422,1560
1214,CAPITAL PROJECTS (School),3254185,1560
6301,TRANSPORTATION,3445700,1560
6302,BUS REPLACEMENT,990000,1560
SWITZERLAND COUNTY SCHOOL CORPORATION,14574337,7775
0101,GENERAL,11000000,7775
0180,DEBT SERVICE,547774,7775
1214,CAPITAL PROJECTS (School),1432201,7775
6301,TRANSPORTATION,1382562,7775
6302,BUS REPLACEMENT,211800,7775
TAYLOR COMMUNITY SCHOOL CORPORATION,12573475,3460
0101,GENERAL,8568606,3460
0180,DEBT SERVICE,1899214,3460
0186,SCHOOL PENSION DEBT,386531,3460
1214,CAPITAL PROJECTS (School),851824,3460
6301,TRANSPORTATION,757300,3460
6302,BUS REPLACEMENT,110000,3460
TELL CITY-TROY TOWNSHIP SCHOOL CORPORATION,17526359,6350
0061,RAINY DAY,450000,6350
0101,GENERAL,11798910,6350
0180,DEBT SERVICE,2634249,6350
0186,SCHOOL PENSION DEBT,419416,6350
1214,CAPITAL PROJECTS (School),1345284,6350
6301,TRANSPORTATION,644500,6350
6302,BUS REPLACEMENT,234000,6350
TIPPECANOE SCHOOL CORPORATION,118935185,7865
0101,GENERAL,76520508,7865
0180,DEBT SERVICE,19537946,7865
1214,CAPITAL PROJECTS (School),14941186,7865
6301,TRANSPORTATION,6478045,7865
6302,BUS REPLACEMENT,1457500,7865
TIPPECANOE VALLEY SCHOOL CORPORATION,22085703,4445
0101,GENERAL,15715732,4445
0180,DEBT SERVICE,2615048,4445
1214,CAPITAL PROJECTS (School),1947974,4445
6301,TRANSPORTATION,1616949,4445
6302,BUS REPLACEMENT,190000,4445
TIPTON COMMUNITY SCHOOL CORPORATION,15592162,7945
0101,GENERAL,10282362,7945
0180,DEBT SERVICE,1896396,7945
1214,CAPITAL PROJECTS (School),1828139,7945
6301,TRANSPORTATION,1395265,7945
6302,BUS REPLACEMENT,190000,7945
TRI COUNTY SCHOOL CORPORATION,11049252,8535
0061,RAINY DAY,257600,8535
0101,GENERAL,5592702,8535
0180,DEBT SERVICE,1909582,8535
0186,SCHOOL PENSION DEBT,282344,8535
1214,CAPITAL PROJECTS (School),1694784,8535
6301,TRANSPORTATION,1007240,8535
6302,BUS REPLACEMENT,305000,8535
TRI CREEK SCHOOL CORPORATION,37242569,4645
0101,GENERAL,22700000,4645
0180,DEBT SERVICE,1265696,4645
0188,EXEMPT DEBT,LAKE AND ST. JOSEPH COUNTIES ONLY,7477982,4645
0189,EXEMPT PENSION DEBT,LAKE AND ST. JOSEPH COUNTIES,239491,4645
1214,CAPITAL PROJECTS (School),2773200,4645
6301,TRANSPORTATION,2286200,4645
6302,BUS REPLACEMENT,500000,4645
TRI-CENTRAL COMMUNITY SCHOOLS,10235800,7935
0101,GENERAL,6984253,7935
0180,DEBT SERVICE,1238500,7935
0186,SCHOOL PENSION DEBT,224897,7935
1214,CAPITAL PROJECTS (School),817950,7935
6301,TRANSPORTATION,875200,7935
6302,BUS REPLACEMENT,95000,7935
TRITON SCHOOL CORPORATION,8510377,5495
0101,GENERAL,5937900,5495
0180,DEBT SERVICE,683319,5495
0186,SCHOOL PENSION DEBT,187840,5495
1214,CAPITAL PROJECTS (School),890318,5495
6301,TRANSPORTATION,561000,5495
6302,BUS REPLACEMENT,250000,5495
TRI-TOWNSHIP CONSOLIDATED SCHOOL  CORPORATION,3577234,4915
0061,RAINY DAY,200000,4915
0101,GENERAL,2555943,4915
1214,CAPITAL PROJECTS (School),421291,4915
6301,TRANSPORTATION,250000,4915
6302,BUS REPLACEMENT,150000,4915
TWIN LAKES COMMUNITY SCHOOL CORPORATION,23970507,8565
0061,RAINY DAY,700000,8565
0101,GENERAL,16522341,8565
0180,DEBT SERVICE,1795883,8565
0186,SCHOOL PENSION DEBT,620346,8565
1214,CAPITAL PROJECTS (School),2377337,8565
6301,TRANSPORTATION,1561600,8565
6302,BUS REPLACEMENT,393000,8565
UNION COUNTY SCHOOL CORPORATION,16908298,7950
0061,RAINY DAY,75000,7950
0101,GENERAL,11707000,7950
0180,DEBT SERVICE,2174198,7950
0186,SCHOOL PENSION DEBT,135000,7950
1214,CAPITAL PROJECTS (School),1119500,7950
6301,TRANSPORTATION,1186600,7950
6302,BUS REPLACEMENT,511000,7950
UNION SCHOOL CORPORATION,5307275,6795
0101,GENERAL,3581155,6795
0180,DEBT SERVICE,391000,6795
0186,SCHOOL PENSION DEBT,137820,6795
1214,CAPITAL PROJECTS (School),495000,6795
6301,TRANSPORTATION,622300,6795
6302,BUS REPLACEMENT,80000,6795
UNION TOWNSHIP SCHOOL CORPORATION,16442963,6530
0022,REFERENDUM FUND,EXEMPT OPERATING,POST 2009,1180035,6530
0101,GENERAL,9100000,6530
0180,DEBT SERVICE,2627991,6530
0186,SCHOOL PENSION DEBT,149437,6530
1214,CAPITAL PROJECTS (School),1658500,6530
6301,TRANSPORTATION,1317000,6530
6302,BUS REPLACEMENT,410000,6530
UNION-NORTH UNITED SCHOOL CORPORATION,13075812,7215
0101,GENERAL,9348780,7215
0180,DEBT SERVICE,1314668,7215
1214,CAPITAL PROJECTS (School),1286068,7215
6301,TRANSPORTATION,960210,7215
6302,BUS REPLACEMENT,166086,7215
VALPARAISO COMMUNITY SCHOOL CORPORATION,57404999,6560
0101,GENERAL,38491200,6560
0180,DEBT SERVICE,8636962,6560
0186,SCHOOL PENSION DEBT,1613243,6560
1214,CAPITAL PROJECTS (School),3932385,6560
6301,TRANSPORTATION,3971209,6560
6302,BUS REPLACEMENT,760000,6560
VIGO COUNTY SCHOOL CORPORATION,139923287,8030
0101,GENERAL,108728003,8030
0180,DEBT SERVICE,8492411,8030
1214,CAPITAL PROJECTS (School),13783933,8030
6301,TRANSPORTATION,6793940,8030
6302,BUS REPLACEMENT,2125000,8030
VINCENNES COMMUNITY SCHOOL CORPORATION,28117717,4335
0061,RAINY DAY,1260353,4335
0101,GENERAL,17761357,4335
0180,DEBT SERVICE,4590062,4335
0186,SCHOOL PENSION DEBT,235274,4335
1214,CAPITAL PROJECTS (School),2311706,4335
6301,TRANSPORTATION,1498965,4335
6302,BUS REPLACEMENT,460000,4335
WABASH CITY SCHOOL CORPORATION,14232422,8060
0101,GENERAL,10973196,8060
0180,DEBT SERVICE,1166057,8060
1214,CAPITAL PROJECTS (School),1374642,8060
6301,TRANSPORTATION,586900,8060
6302,BUS REPLACEMENT,131627,8060
WA-NEE COMMUNITY SCHOOL CORPORATION,34732905,2285
0061,RAINY DAY,10000,2285
0101,GENERAL,23108655,2285
0180,DEBT SERVICE,4954258,2285
0186,SCHOOL PENSION DEBT,278523,2285
1214,CAPITAL PROJECTS (School),3593999,2285
6301,TRANSPORTATION,2306470,2285
6302,BUS REPLACEMENT,481000,2285
WARRICK COUNTY SCHOOL CORPORATION,87255622,8130
0061,RAINY DAY,,8130
0101,GENERAL,64368970,8130
0180,DEBT SERVICE,6228000,8130
0186,SCHOOL PENSION DEBT,1664939,8130
1214,CAPITAL PROJECTS (School),7104513,8130
6301,TRANSPORTATION,6991500,8130
6302,BUS REPLACEMENT,897700,8130
WARSAW COMMUNITY SCHOOL CORPORATION,70090013,4415
0061,RAINY DAY,1300000,4415
0101,GENERAL,48374371,4415
0180,DEBT SERVICE,8652130,4415
0186,SCHOOL PENSION DEBT,542735,4415
1214,CAPITAL PROJECTS (School),7188350,4415
6301,TRANSPORTATION,3365011,4415
6302,BUS REPLACEMENT,667416,4415
WASHINGTON COMMUNITY SCHOOL CORPORATION,25535938,1405
0061,RAINY DAY,0,1405
0101,GENERAL,16700000,1405
0180,DEBT SERVICE,2722000,1405
0186,SCHOOL PENSION DEBT,1164988,1405
1214,CAPITAL PROJECTS (School),2830000,1405
6301,TRANSPORTATION,1423896,1405
6302,BUS REPLACEMENT,695054,1405
WAWASEE COMMUNITY SCHOOL CORPORATION,46229473,4345
0061,RAINY DAY,5000000,4345
0101,GENERAL,25089100,4345
0180,DEBT SERVICE,7267728,4345
0186,SCHOOL PENSION DEBT,378325,4345
1214,CAPITAL PROJECTS (School),4944950,4345
6301,TRANSPORTATION,2998120,4345
6302,BUS REPLACEMENT,551250,4345
WES-DEL COMMUNITY SCHOOL CORPORATION,8048659,1885
0061,RAINY DAY,250000,1885
0101,GENERAL,5900000,1885
0180,DEBT SERVICE,658359,1885
1214,CAPITAL PROJECTS (School),518300,1885
6301,TRANSPORTATION,550000,1885
6302,BUS REPLACEMENT,172000,1885
WEST CENTRAL SCHOOL CORPORATION,9410805,6630
0061,RAINY DAY,350000,6630
0101,GENERAL,6813230,6630
0180,DEBT SERVICE,762600,6630
1214,CAPITAL PROJECTS (School),776465,6630
6301,TRANSPORTATION,528510,6630
6302,BUS REPLACEMENT,180000,6630
WEST CLARK COMMUNITY SCHOOL CORPORATION,42955480,940
0101,GENERAL,27791300,940
0180,DEBT SERVICE,7628300,940
0186,SCHOOL PENSION DEBT,629094,940
1214,CAPITAL PROJECTS (School),3501000,940
6301,TRANSPORTATION,2403300,940
6302,BUS REPLACEMENT,1002486,940
WEST LAFAYETTE COMMUNITY SCHOOL CORPORATION,27982479,7875
0022,REFERENDUM FUND,EXEMPT OPERATING,POST 2009,4326560,7875
0061,RAINY DAY,468147,7875
0101,GENERAL,14707600,7875
0180,DEBT SERVICE,4694522,7875
1214,CAPITAL PROJECTS (School),2615400,7875
1324,SCHOOL PLAYGROUND,70500,7875
6301,TRANSPORTATION,725000,7875
6302,BUS REPLACEMENT,374750,7875
WEST NOBLE SCHOOL CORPORATION,25249540,6065
0061,RAINY DAY,175000,6065
0101,GENERAL,18045180,6065
0180,DEBT SERVICE,2002267,6065
0186,SCHOOL PENSION DEBT,385000,6065
1214,CAPITAL PROJECTS (School),1874251,6065
6301,TRANSPORTATION,2360118,6065
6302,BUS REPLACEMENT,407724,6065
WEST WASHINGTON SCHOOL CORPORATION,12989307,8220
0061,RAINY DAY,0,8220
0101,GENERAL,9230000,8220
0180,DEBT SERVICE,997220,8220
0186,SCHOOL PENSION DEBT,224601,8220
1214,CAPITAL PROJECTS (School),875586,8220
6301,TRANSPORTATION,1456900,8220
6302,BUS REPLACEMENT,205000,8220
WESTERN BOONE COUNTY SCHOOL CORPORATION,18571938,615
0101,GENERAL,12228850,615
0180,DEBT SERVICE,3331263,615
1214,CAPITAL PROJECTS (School),1281575,615
6301,TRANSPORTATION,1490250,615
6302,BUS REPLACEMENT,240000,615
WESTERN SCHOOL CORPORATION,24299431,3490
0061,RAINY DAY,300000,3490
0101,GENERAL,17100067,3490
0180,DEBT SERVICE,3023195,3490
0186,SCHOOL PENSION DEBT,277410,3490
1214,CAPITAL PROJECTS (School),2037759,3490
6301,TRANSPORTATION,1301000,3490
6302,BUS REPLACEMENT,260000,3490
WESTERN WAYNE SCHOOL CORPORATION,13032476,8355
0101,GENERAL,10032875,8355
0180,DEBT SERVICE,884740,8355
0186,SCHOOL PENSION DEBT,67934,8355
1214,CAPITAL PROJECTS (School),1226660,8355
6301,TRANSPORTATION,550267,8355
6302,BUS REPLACEMENT,270000,8355
WESTFIELD-WASHINGTON SCHOOL CORPORATION,76467936,3030
0022,REFERENDUM FUND,EXEMPT OPERATING,POST 2009,5100000,3030
0101,GENERAL,39500000,3030
0180,DEBT SERVICE,22155000,3030
0186,SCHOOL PENSION DEBT,390926,3030
1214,CAPITAL PROJECTS (School),4305910,3030
6301,TRANSPORTATION,3550000,3030
6302,BUS REPLACEMENT,1466100,3030
WESTVIEW SCHOOL CORPORATION,23289397,4525
0061,RAINY DAY,0,4525
0101,GENERAL,15255000,4525
0180,DEBT SERVICE,3356970,4525
0186,SCHOOL PENSION DEBT,284167,4525
1214,CAPITAL PROJECTS (School),2335536,4525
6301,TRANSPORTATION,1645000,4525
6302,BUS REPLACEMENT,412724,4525
WHITE RIVER VALLEY CONSOLIDATED SCHOOL CORPORATION,8154116,2980
0061,RAINY DAY,225000,2980
0101,GENERAL,5279047,2980
0180,DEBT SERVICE,330352,2980
0186,SCHOOL PENSION DEBT,302684,2980
1214,CAPITAL PROJECTS (School),985947,2980
6301,TRANSPORTATION,865000,2980
6302,BUS REPLACEMENT,166086,2980
WHITING CITY SCHOOL CORPORATION,13552181,4760
0101,GENERAL,11117637,4760
0180,DEBT SERVICE,552170,4760
1214,CAPITAL PROJECTS (School),1355325,4760
6301,TRANSPORTATION,527049,4760
6302,BUS REPLACEMENT,0,4760
WHITKO COMMUNITY SCHOOL CORPORATION,18394104,4455
0101,GENERAL,11930895,4455
0180,DEBT SERVICE,3420508,4455
0186,SCHOOL PENSION DEBT,210712,4455
1214,CAPITAL PROJECTS (School),1565551,4455
6301,TRANSPORTATION,996438,4455
6302,BUS REPLACEMENT,270000,4455
WHITLEY COUNTY CONSOLIDATED SCHOOL CORPORATION,36007546,8665
0061,RAINY DAY,75000,8665
0101,GENERAL,23854659,8665
0180,DEBT SERVICE,4869532,8665
0186,SCHOOL PENSION DEBT,596963,8665
1214,CAPITAL PROJECTS (School),3458679,8665
6301,TRANSPORTATION,2597738,8665
6302,BUS REPLACEMENT,554975,8665
YORKTOWN COMMUNITY SCHOOLS,22915018,1910
0061,RAINY DAY,500000,1910
0101,GENERAL,15361420,1910
0180,DEBT SERVICE,2131157,1910
0186,SCHOOL PENSION DEBT,495441,1910
1214,CAPITAL PROJECTS (School),1629000,1910
6301,TRANSPORTATION,2498000,1910
6302,BUS REPLACEMENT,300000,1910
ZIONSVILLE COMMUNITY SCHOOL CORPORATION,75466998,630
0022,REFERENDUM FUND,EXEMPT OPERATING,POST 2009,5209041,630
0061,RAINY DAY,2500,630
0101,GENERAL,37762005,630
0180,DEBT SERVICE,20383119,630
0186,SCHOOL PENSION DEBT,752580,630
1214,CAPITAL PROJECTS (School),5322932,630
6301,TRANSPORTATION,4683237,630
6302,BUS REPLACEMENT,1351584,630
(blank),,
(blank),,
Grand Total,10109808951,4510.435636
,,
,,
,,
,,
,,
,,
,,
,,
,,
,,
,,
,,
,,
,,
,,
,,
,,
,,
,,
,,
,,
,,
,,
,,
,,
,,
,,
,,
,,
,,
,,
,,
,,
,,
,,
,,
,,
,,
,,
,,
,,
,,
,,
,,
,,
,,
,,
,,
,,
,,
,,
,,
,,
,,
,,
,,
,,
,,
,,
,,
,,
,,
,,
,,
,,
,,
,,
,,
,,
,,
,,
,,
,,
,,
,,
,,
,,
,,
,,
,,
,,
,,
,,
,,
,,
,,
,,
,,
,,
,,
,,
,,
,,
,,
,,
,,
,,
,,
,,
,,
,,
,,
,,
,,
,,
,,
,,
,,
,,
,,
,,
,,
,,
,,
,,
,,
,,
,,
,,
,,
,,
,,
,,
,,
,,
,,
,,
,,
,,
,,
,,
,,
,,
,,
,,
,,
,,
,,
,,
,,
,,
,,
,,
,,
,,
,,
,,
,,
,,
,,
,,
,,
,,
,,
,,
,,
,,
,,
,,
,,
,,
,,
,,
,,
,,
,,
,,
,,
,,
,,
,,
,,
,,
,,
,,
,,
,,
,,
,,
,,
,,
,,
,,
,,
,,
,,
,,
,,
,,
,,
,,
,,
,,
,,
,,
,,
,,
,,
,,
,,
,,
,,
,,
,,
,,
,,
,,
,,
,,
,,
,,
,,
,,
,,
,,
,,
,,
,,
,,
,,
,,
,,
,,
,,
,,
,,
,,
,,
,,
,,
,,
,,
,,
,,
,,
,,
,,
,,
,,
,,
,,
,,
,,
,,
,,
,,
,,
,,
,,
,,
,,
,,
,,
,,
,,
,,
,,
,,
,,
,,
,,
,,
,,
,,
,,
,,
,,
,,
,,
,,
,,
,,
,,
,,
,,
,,
,,
,,
,,
,,
,,
,,
,,
,,
,,
,,
,,
,,
,,
,,
,,
,,
,,
,,
,,
,,
,,
,,
,,
,,
,,
,,
,,
,,
,,
,,
,,
,,
,,
,,
,,
,,
,,
,,
,,
,,
,,
,,
,,
,,
,,
,,
,,
,,
,,
,,
,,
,,
,,
,,
,,
,,
,,
,,
,,
,,
,,
,,
,,
,,
,,
,,
,,
,,
,,
,,
,,
,,
,,
,,
,,
,,
,,
,,
,,
,,
,,
,,
,,
,,
,,
,,
,,
,,
,,
,,
,,
,,
,,
,,
,,
,,
,,
,,
,,
,,
,,
,,
,,
,,
,,
,,
,,
,,
,,
,,
,,
,,
,,
,,
,,
,,
,,
,,
,,
,,
,,
,,
,,
,,
,,
,,
,,
,,
,,
,,
,,
,,
,,
,,
,,
,,
,,
,,
,,
,,
,,
,,
,,
,,
,,
,,
,,
,,
,,
,,
,,
,,
,,
,,
,,
,,
,,
,,
,,
,,
,,
,,
,,
,,
,,
,,
,,
,,
,,
,,
,,
,,
,,
,,
,,
,,
,,
,,
,,
,,
,,
,,
,,
,,
,,
,,
,,
,,
,,
,,
,,
,,
,,
,,
,,
,,
,,
,,
,,
,,
,,
,,
,,
,,
,,
,,
,,
,,
,,
,,
,,
,,
,,
,,
,,
,,
,,
,,
,,
,,
,,
,,
,,
,,
,,
,,
,,
,,
,,
,,
,,
,,
,,
,,
,,
,,
,,
,,
,,
,,
,,
,,
,,
,,
,,
,,
,,
,,
,,
,,
,,
,,
,,
,,
,,
,,
,,
,,
,,
,,
,,
,,
,,
,,
,,
,,
,,
,,
,,
,,
,,
,,
,,
,,
,,
,,
,,
,,
,,
,,
,,
,,
,,
,,
,,
,,
,,
,,
,,
,,
,,
,,
,,
,,
,,
,,
,,
,,
,,
,,
,,
,,
,,
,,
,,
,,
,,
,,
,,
,,
,,
,,
,,
,,
,,
,,
,,
,,
,,
,,
,,
,,
,,
,,
,,
,,
,,
,,
,,
,,
,,
,,
,,
,,
,,
,,
,,
,,
,,
,,
,,
,,
,,
,,
,,
,,
,,
,,
,,
,,
,,
,,
,,
,,
,,
,,
,,
,,
,,
,,
,,
,,
,,
,,
,,
,,
,,
,,
,,
,,
,,
,,
,,
,,
,,
,,
,,
,,
,,
,,
,,
,,
,,
,,
,,
,,
,,
,,
,,
,,
,,
,,
,,
,,
,,
,,
,,
,,
,,
,,
,,
,,
,,
,,
,,
,,
,,
,,
,,
,,
,,
,,
,,
,,
,,
,,
,,
,,
,,
,,
,,
,,
,,
,,
,,
,,
,,
,,
,,
,,
,,
,,
,,
,,
,,
,,
,,
,,
,,
,,
,,
,,
,,
,,
,,
,,
,,
,,
,,
,,
,,
,,
,,
,,
,,
,,
,,
,,
,,
,,
,,
,,
,,
,,
,,
,,
,,
,,
,,
,,
,,
,,
,,
,,
,,
,,
,,
,,
,,
,,
,,
,,
,,
,,
,,
,,
,,
,,
,,
,,
,,
,,
,,
,,
,,
,,
,,
,,
,,
,,
,,
,,
,,
,,
,,
,,
,,
,,
,,
,,
,,
,,
,,
,,
,,
,,
,,
,,
,,
,,
,,
,,
,,
,,
,,
,,
,,
,,
,,
,,
,,
,,
,,
,,
,,
,,
,,
,,
,,
,,
,,
,,
,,
,,
,,
,,
,,
,,
,,
,,
,,
,,
,,
,,
,,
,,
,,
,,
,,
,,
,,
,,
,,
,,
,,
,,
,,
,,
,,
,,
,,
,,
,,
,,
,,
,,
,,
,,
,,
,,
,,
,,
,,
,,
,,
,,
,,
,,
,,
,,
,,
,,
,,
,,
,,
,,
,,
,,
,,
,,
,,
,,
,,
,,
,,
,,
,,
,,
,,
,,
,,
,,
,,
,,
,,
,,
,,
,,
,,
,,
,,
,,
,,
,,
,,
,,
,,
,,
,,
,,
,,
,,
,,
,,
,,
,,
,,
,,
,,
,,
,,
,,
,,
,,
,,
,,
,,
,,
,,
,,
,,
,,
,,
,,
,,
,,
,,
,,
,,
,,
,,
,,
,,
,,
,,
,,
,,
,,
,,
,,
,,
,,
,,
,,
,,
,,
,,
,,
,,
,,
,,
,,
,,
,,
,,
,,
,,
,,
,,
,,
,,
,,
,,
,,
,,
,,
,,
,,
,,
,,
,,
,,
,,
,,
,,
,,
,,
,,
,,
,,
,,
,,
,,
,,
,,
,,
,,
,,
,,
,,
,,
,,
,,
,,
,,
,,
,,
,,
,,
,,
,,
,,
,,
,,
,,
,,
,,
,,
,,
,,
,,
,,
,,
,,
,,
,,
,,
,,
,,
,,
,,
,,
,,
,,
,,
,,
,,
,,
,,
,,
,,
,,
,,
,,
,,
,,
,,
,,
,,
,,
,,
,,
,,
,,
,,
,,
,,
,,
,,
,,
,,
,,
,,
,,
,,
,,
,,
,,
,,
,,
,,
,,
,,
,,
,,
,,
,,
,,
,,
,,
,,
,,
,,
,,
,,
,,
,,
,,
,,
,,
,,
,,
,,
,,
,,
,,
,,
,,
,,
,,
,,
,,
,,
,,
,,
,,
,,
,,
,,
,,
,,
,,
,,
,,
,,
,,
,,
,,
,,
,,
,,
,,
,,
,,
,,
,,
,,
,,
,,
,,
,,
,,
,,
,,
,,
,,
,,
,,
,,
,,
,,
,,
,,
,,
,,
,,
,,
,,
,,
,,
,,
,,
,,
,,
,,
,,
,,
,,
,,
,,
,,
,,
,,
,,
,,
,,
,,
,,
,,
,,
,,
,,
,,
,,
,,
,,
,,
,,
,,
,,
,,
,,
,,
,,
,,
,,
,,
,,
,,
,,
,,
,,
,,
,,
,,
,,
,,
,,
,,
,,
,,
,,
,,
,,
,,
,,
,,
,,
,,
,,
,,
,,
,,
,,
,,
,,
,,
,,
,,
,,
,,
,,
,,
,,
,,
,,
,,
,,
,,
,,
,,
,,
,,
,,
,,
,,
,,
,,
,,
,,
,,
,,
,,
,,
,,
,,
,,
,,
,,
,,
,,
,,
,,
,,
,,
,,
,,
,,
,,
,,
,,
,,
,,
,,
,,
,,
,,
,,
,,
,,
,,
,,
,,
,,
,,
,,
,,
,,
,,
,,
,,
,,
,,
,,
,,
,,
,,
,,
,,
,,
,,
,,
,,
,,
,,
,,
,,
,,
,,
,,
,,
,,
,,
,,
,,
,,
,,
,,
,,
,,
,,
,,
,,
,,
,,
,,
,,
,,
,,
,,
,,
,,
,,
,,
,,
,,
,,
,,
,,
,,
,,
,,
,,
,,
,,
,,
,,
,,
,,
,,
,,
,,
,,
,,
,,
,,
,,
,,
,,
,,
,,
,,
,,
,,
,,
,,
,,
,,
,,
,,
,,
,,
,,
,,
,,
,,
,,
,,
,,
,,
,,
,,
,,
,,
,,
,,
,,
,,
,,
,,
,,
,,
,,
,,
,,
,,
,,
,,
,,
,,
,,
,,
,,
,,
,,
,,
,,
,,
,,
,,
,,
,,
,,
,,
,,
,,
,,
,,
,,
,,
,,
,,
,,
,,
,,
,,
,,
,,
,,
,,
,,
,,
,,
,,
,,
,,
,,
,,
,,
,,
,,
,,
,,
,,
,,
,,
,,
,,
,,
,,
,,
,,
,,
,,
,,
,,
,,
,,
,,
,,
,,
,,
,,
,,
,,
,,
,,
,,
,,
,,
,,
,,
,,
,,
,,
,,
,,
,,
,,
,,
,,
,,
,,
,,
,,
,,
,,
,,
,,
,,
,,
,,
,,
,,
,,
,,
,,
,,
,,
,,
,,
,,
,,
,,
,,
,,
,,
,,
,,
,,
,,
,,
,,
,,
,,
,,
,,
,,
,,
,,
,,
,,
,,
,,
,,
,,
,,
,,
,,
,,
,,
,,
,,
,,
,,
,,
,,
,,
,,
,,
,,
,,
,,
,,
,,
,,
,,
,,
,,
,,
,,
,,
,,
,,
,,
,,
,,
,,
,,
,,
,,
,,
,,
,,
,,
,,
,,
,,
,,
,,
,,
,,
,,
,,
,,
,,
,,
,,
,,
,,
,,
,,
,,
,,
,,
,,
,,
,,
,,
,,
,,
,,
,,
,,
,,
,,
,,
,,
,,
,,
,,
,,
,,
,,
,,
,,
,,
,,
,,
,,
,,
,,
,,
,,
,,
,,
,,
,,
,,
,,
,,
,,
,,
,,
,,
,,
,,
,,
,,
,,
,,
,,
,,
,,
,,
,,
,,
,,
,,
,,
,,
,,
,,
,,
,,
,,
,,
,,
,,
,,
,,
,,
,,
,,
,,
,,
,,
,,
,,
,,
,,
,,
,,
,,
,,
,,
,,
,,
,,
,,
,,
,,
,,
,,
,,
,,
,,
,,
,,
,,
,,
,,
,,
,,
,,
,,
,,
,,
,,
,,
,,
,,
,,
,,
,,
,,
,,
,,
,,
,,
,,
,,
,,
,,
,,
,,
,,
,,
,,
,,
,,
,,
,,
,,
,,
,,
,,
,,
,,
,,
,,
,,
,,
,,
,,
,,
,,
,,
,,
,,
,,
,,
,,
,,
,,
,,
,,
,,
,,
,,
,,
,,
,,
,,
,,
,,
,,
,,
,,
,,
,,
,,
,,
,,
,,
,,
,,
,,
,,
,,
,,
,,
,,
,,
,,
,,
,,
,,
,,
,,
,,
,,
,,
,,
,,
,,
,,
,,
,,
,,
,,
,,
,,
,,
,,
,,
,,
,,
,,
,,
,,
,,
,,
,,
,,
,,
,,
,,
,,
,,
,,
,,
,,
,,
,,
,,
,,
,,
,,
,,
,,
,,
,,
,,
,,
,,
,,
,,
,,
,,
,,
,,
,,
,,
,,
,,
,,
,,
,,
,,
,,
,,
,,
,,
,,
,,
,,
,,
,,
,,
,,
,,
,,
,,
,,
,,
,,
,,
,,
,,
,,
,,
,,
,,
,,
,,
,,
,,
,,
,,
,,
,,
,,
,,
,,
,,
,,
,,
,,
,,
,,
,,
,,
,,
,,
,,
,,
,,
,,
,,
,,
,,
,,
,,
,,
,,
,,
,,
,,
,,
,,
,,
,,
,,
,,
,,
,,
,,
,,
,,
,,
,,
,,
,,
,,
,,
,,
,,
